date,symbol,type,shares,price,value,pnl,pnl_pct
2023-01-03,NVDA,BUY,58,14.30147933959961,829.4858016967773,,
2023-01-03,META,BUY,6,123.97572326660156,743.8543395996094,,
2023-01-03,TSLA,BUY,7,108.0999984741211,756.6999893188477,,
2023-01-03,V,BUY,4,203.1567840576172,812.6271362304688,,
2023-01-03,IONQ,BUY,240,3.4600000381469727,830.4000091552734,,
2023-01-04,TSLA,SELL,7,113.63999938964844,795.4799957275391,38.780006408691406,0.0512488528559379
2023-01-04,AAPL,BUY,4,124.60270690917969,498.41082763671875,,
2023-01-04,AMZN,BUY,5,85.13999938964844,425.6999969482422,,
2023-01-04,TSLA,BUY,4,113.63999938964844,454.55999755859375,,
2023-01-05,IONQ,SELL,240,3.640000104904175,873.600025177002,43.200016021728516,0.05202314010771007
2023-01-05,MSFT,BUY,2,217.52528381347656,435.0505676269531,,
2023-01-05,GOOGL,BUY,5,85.60953521728516,428.0476760864258,,
2023-01-05,IONQ,BUY,124,3.640000104904175,451.3600130081177,,
2023-01-09,NVDA,SELL,58,15.613241195678711,905.5679893493652,76.08218765258789,0.09172210964546457
2023-01-09,V,SELL,4,214.1379852294922,856.5519409179688,43.9248046875,0.05405284013927208
2023-01-09,TSLA,SELL,4,119.7699966430664,479.0799865722656,24.519989013671875,0.05394224996780804
2023-01-09,NVDA,BUY,26,15.613241195678711,405.9442710876465,,
2023-01-09,TSLA,BUY,3,119.7699966430664,359.3099899291992,,
2023-01-10,META,SELL,6,132.1751708984375,793.051025390625,49.196685791015625,0.06613752608810008
2023-01-10,AMZN,SELL,5,89.87000274658203,449.35001373291016,23.65001678466797,0.05555559538221797
2023-01-10,AMZN,BUY,6,89.87000274658203,539.2200164794922,,
2023-01-11,AAPL,SELL,4,131.63356018066406,526.5342407226562,28.1234130859375,0.05642616798533131
2023-01-11,MSFT,SELL,2,230.69558715820312,461.39117431640625,26.340606689453125,0.06054608050078365
2023-01-11,GOOGL,SELL,5,90.89310455322266,454.4655227661133,26.4178466796875,0.06171706600821156
2023-01-11,IONQ,SELL,124,3.859999895095825,478.6399869918823,27.27997398376465,0.06043950105804791
2023-01-11,AMZN,SELL,6,95.08999633789062,570.5399780273438,31.319961547851562,0.05808382587934351
2023-01-12,NVDA,SELL,26,16.495403289794922,428.88048553466797,22.936214447021484,0.056500894533056185
2023-01-12,GOOGL,BUY,8,90.50576782226562,724.046142578125,,
2023-01-12,NVDA,BUY,48,16.495403289794922,791.7793579101562,,
2023-01-12,IONQ,BUY,199,4.050000190734863,805.9500379562378,,
2023-01-13,IONQ,SELL,199,4.409999847412109,877.5899696350098,71.63993167877197,0.08888879993161802
2023-01-17,TSLA,SELL,3,131.49000549316406,394.4700164794922,35.16002655029297,0.09785429722458074
2023-01-17,NVDA,SELL,48,17.685283660888672,848.8936157226562,57.1142578125,0.0721340576031799
2023-01-17,NVDA,BUY,40,17.685283660888672,707.4113464355469,,
2023-01-17,META,BUY,5,134.5306396484375,672.6531982421875,,
2023-01-17,TSLA,BUY,5,131.49000549316406,657.4500274658203,,
2023-01-18,IONQ,BUY,156,4.199999809265137,655.1999702453613,,
2023-01-19,NVDA,SELL,40,16.74916648864746,669.9666595458984,-37.44468688964844,-0.05293198515732327
2023-01-19,TSLA,SELL,5,127.16999816894531,635.8499908447266,-21.60003662109375,-0.0328542637747729
2023-01-19,IONQ,SELL,156,4.019999980926514,627.1199970245361,-28.079973220825195,-0.042857103931658785
2023-01-19,AAPL,BUY,4,133.38880920410156,533.5552368164062,,
2023-01-19,MSFT,BUY,2,226.93824768066406,453.8764953613281,,
2023-01-19,AMZN,BUY,6,93.68000030517578,562.0800018310547,,
2023-01-19,NVDA,BUY,35,16.74916648864746,586.2208271026611,,
2023-01-19,TSLA,BUY,4,127.16999816894531,508.67999267578125,,
2023-01-19,IONQ,BUY,149,4.019999980926514,598.9799971580505,,
2023-01-20,GOOGL,SELL,8,97.34857940673828,778.7886352539062,54.74249267578125,0.0756063591207856
2023-01-20,NVDA,SELL,35,17.822153091430664,623.7753582000732,37.55453109741211,0.06406208950818362
2023-01-20,IONQ,SELL,149,4.340000152587891,646.6600227355957,47.680025577545166,0.07960203312926996
2023-01-20,NVDA,BUY,27,17.822153091430664,481.19813346862793,,
2023-01-23,META,SELL,5,142.39219665527344,711.9609832763672,39.30778503417969,0.05843692579906086
2023-01-23,TSLA,SELL,4,143.75,575.0,66.32000732421875,0.13037667743792966
2023-01-23,NVDA,SELL,27,19.17487144470215,517.721529006958,36.52339553833008,0.07590095014512613
2023-01-23,TSLA,BUY,3,143.75,431.25,,
2023-01-24,AAPL,SELL,4,140.5478515625,562.19140625,28.63616943359375,0.053670487060456525
2023-01-25,GOOGL,BUY,7,94.56775665283203,661.9742965698242,,
2023-01-25,NVDA,BUY,34,19.304750442504883,656.361515045166,,
2023-01-25,META,BUY,5,140.63304138183594,703.1652069091797,,
2023-01-25,IONQ,BUY,128,4.5,576.0,,
2023-01-26,MSFT,SELL,2,242.66236877441406,485.3247375488281,31.4482421875,0.0692881048234592
2023-01-26,AMZN,SELL,6,99.22000122070312,595.3200073242188,33.24000549316406,0.059137498905636326
2023-01-26,TSLA,SELL,3,160.27000427246094,480.8100128173828,49.56001281738281,0.11492176885190217
2023-01-26,MSFT,BUY,2,242.66236877441406,485.3247375488281,,
2023-01-26,AMZN,BUY,5,99.22000122070312,496.1000061035156,,
2023-01-26,TSLA,BUY,2,160.27000427246094,320.5400085449219,,
2023-01-27,NVDA,SELL,34,20.34576416015625,691.7559814453125,35.394466400146484,0.05392526159567856
2023-01-27,META,SELL,5,150.810302734375,754.051513671875,50.88630676269531,0.07236749808252067
2023-01-27,TSLA,SELL,2,177.89999389648438,355.79998779296875,35.259979248046875,0.1100018041682475
2023-01-27,AAPL,BUY,3,143.90054321289062,431.7016296386719,,
2023-01-27,META,BUY,3,150.810302734375,452.430908203125,,
2023-01-27,TSLA,BUY,2,177.89999389648438,355.79998779296875,,
2023-01-30,META,SELL,3,146.15896606445312,438.4768981933594,-13.954010009765625,-0.030842300463479348
2023-01-30,TSLA,SELL,2,166.66000366210938,333.32000732421875,-22.47998046875,-0.06318150994943414
2023-01-30,NVDA,BUY,27,19.143903732299805,516.8854007720947,,
2023-01-30,META,BUY,3,146.15896606445312,438.4768981933594,,
2023-01-30,TSLA,BUY,2,166.66000366210938,333.32000732421875,,
2023-02-01,GOOGL,SELL,7,99.74207305908203,698.1945114135742,36.22021484375,0.05471543990670571
2023-02-01,IONQ,SELL,128,4.760000228881836,609.280029296875,33.280029296875,0.05777782864040799
2023-02-01,AMZN,SELL,5,105.1500015258789,525.7500076293945,29.650001525878906,0.05976617851460411
2023-02-01,NVDA,SELL,27,20.923219680786133,564.9269313812256,48.04153060913086,0.09294425908986613
2023-02-01,TSLA,SELL,2,181.41000366210938,362.82000732421875,29.5,0.08850353819687005
2023-02-01,NVDA,BUY,23,20.923219680786133,481.23405265808105,,
2023-02-01,TSLA,BUY,2,181.41000366210938,362.82000732421875,,
2023-02-01,IONQ,BUY,91,4.760000228881836,433.16002082824707,,
2023-02-02,MSFT,SELL,2,258.9050598144531,517.8101196289062,32.485382080078125,0.06693535187212624
2023-02-02,META,SELL,3,187.6134033203125,562.8402099609375,124.36331176757812,0.28362568764737167
2023-02-02,IONQ,SELL,91,5.489999771118164,499.58997917175293,66.42995834350586,0.15336124099469028
2023-02-03,AAPL,SELL,3,152.3513641357422,457.05409240722656,25.352462768554688,0.058726817384901556
2023-02-06,TSLA,SELL,2,194.75999450683594,389.5199890136719,26.699981689453125,0.07359015806863654
2023-02-06,MSFT,BUY,3,251.24362182617188,753.7308654785156,,
2023-02-07,NVDA,SELL,23,22.15205955505371,509.49736976623535,28.263317108154297,0.05873091680034436
2023-02-07,TSLA,BUY,3,196.80999755859375,590.4299926757812,,
2023-02-08,TSLA,SELL,3,201.2899932861328,603.8699798583984,13.439987182617188,0.02276304955598249
2023-02-09,IONQ,BUY,124,4.690000057220459,581.5600070953369,,
2023-02-10,TSLA,BUY,3,196.88999938964844,590.6699981689453,,
2023-02-13,MSFT,SELL,3,265.4804382324219,796.4413146972656,42.71044921875,0.05666538438973801
2023-02-14,IONQ,SELL,124,4.989999771118164,618.7599716186523,37.19996452331543,0.06396582307836915
2023-02-14,TSLA,SELL,3,209.25,627.75,37.08000183105469,0.06277617272927573
2023-02-17,NVDA,BUY,36,21.3677978515625,769.24072265625,,
2023-02-21,NVDA,SELL,36,20.6354923248291,742.8777236938477,-26.362998962402344,-0.034271455197235
2023-02-21,NVDA,BUY,34,20.6354923248291,701.6067390441895,,
2023-02-23,NVDA,SELL,34,23.641647338867188,803.8160095214844,102.20927047729492,0.1456788608053228
2023-02-24,GOOGL,BUY,9,88.51947021484375,796.6752319335938,,
2023-02-24,META,BUY,5,169.3460235595703,846.7301177978516,,
2023-02-24,IONQ,BUY,136,4.570000171661377,621.5200233459473,,
2023-03-01,AAPL,BUY,5,143.50794982910156,717.5397491455078,,
2023-03-01,NVDA,BUY,28,22.676565170288086,634.9438247680664,,
2023-03-03,GOOGL,SELL,9,93.00851440429688,837.0766296386719,40.401397705078125,0.05071250628316979
2023-03-03,META,SELL,5,184.11497497558594,920.5748748779297,73.84475708007812,0.0872116811814031
2023-03-03,IONQ,SELL,136,5.03000020980835,684.0800285339355,62.56000518798828,0.1006564597085659
2023-03-03,NVDA,SELL,28,23.8674373626709,668.2882461547852,33.34442138671875,0.05251554560578468
2023-03-06,AAPL,SELL,5,151.92230224609375,759.6115112304688,42.07176208496094,0.05863335395016468
2023-03-07,META,BUY,5,183.37950134277344,916.8975067138672,,
2023-03-07,LLY,BUY,3,304.7672424316406,914.3017272949219,,
2023-03-09,MSFT,BUY,3,247.50775146484375,742.5232543945312,,
2023-03-09,GOOGL,BUY,8,91.6876220703125,733.5009765625,,
2023-03-09,AMZN,BUY,8,92.25,738.0,,
2023-03-09,NVDA,BUY,30,23.4178466796875,702.535400390625,,
2023-03-09,TSLA,BUY,3,172.9199981689453,518.7599945068359,,
2023-03-14,META,SELL,5,192.8312530517578,964.1562652587891,47.258758544921875,0.05154202972401553
2023-03-14,LLY,SELL,3,320.89697265625,962.69091796875,48.389190673828125,0.05292475036331137
2023-03-14,TSLA,SELL,3,183.25999450683594,549.7799835205078,31.019989013671875,0.0597964171141634
2023-03-14,TSLA,BUY,2,183.25999450683594,366.5199890136719,,
2023-03-15,MSFT,SELL,3,260.37750244140625,781.1325073242188,38.6092529296875,0.05199736533661869
2023-03-16,GOOGL,SELL,8,99.63280487060547,797.0624389648438,63.56146240234375,0.08665491176333535
2023-03-16,AMZN,SELL,8,100.04000091552734,800.3200073242188,62.32000732421875,0.0844444543688601
2023-03-16,NVDA,SELL,30,25.521209716796875,765.6362915039062,63.10089111328125,0.08981880639494576
2023-03-16,GOOGL,BUY,7,99.63280487060547,697.4296340942383,,
2023-03-16,NVDA,BUY,27,25.521209716796875,689.0726623535156,,
2023-03-17,META,BUY,3,194.4114990234375,583.2344970703125,,
2023-03-20,IONQ,BUY,135,4.610000133514404,622.3500180244446,,
2023-03-21,TSLA,SELL,2,197.5800018310547,395.1600036621094,28.6400146484375,0.07814038935641564
2023-03-21,IONQ,SELL,135,4.869999885559082,657.4499845504761,35.099966526031494,0.05639907690121227
2023-03-22,IONQ,BUY,138,4.650000095367432,641.7000131607056,,
2023-03-23,GOOGL,SELL,7,104.87664794921875,734.1365356445312,36.70690155029297,0.052631691794921706
2023-03-23,NVDA,SELL,27,27.169933319091797,733.5881996154785,44.51553726196289,0.06460209451630378
2023-03-24,META,SELL,3,204.74778747558594,614.2433624267578,31.008865356445312,0.05316706318334768
2023-03-24,AMZN,BUY,8,98.12999725341797,785.0399780273438,,
2023-03-24,TSLA,BUY,3,190.41000366210938,571.2300109863281,,
2023-03-27,IONQ,SELL,138,5.119999885559082,706.5599842071533,64.85997104644775,0.10107522162416475
2023-03-27,NVDA,BUY,28,26.51044464111328,742.2924499511719,,
2023-03-27,META,BUY,3,201.5972137451172,604.7916412353516,,
2023-03-27,IONQ,BUY,130,5.119999885559082,665.5999851226807,,
2023-03-28,IONQ,SELL,130,4.699999809265137,610.9999752044678,-54.60000991821289,-0.08203126673470289
2023-03-28,AAPL,BUY,4,155.6949005126953,622.7796020507812,,
2023-03-28,LLY,BUY,2,331.2773132324219,662.5546264648438,,
2023-03-28,IONQ,BUY,118,4.699999809265137,554.5999774932861,,
2023-03-29,IONQ,SELL,118,5.130000114440918,605.3400135040283,50.74003601074219,0.09148943034595856
2023-03-29,IONQ,BUY,96,5.130000114440918,492.4800109863281,,
2023-03-30,GOOGL,BUY,6,100.19892883300781,601.1935729980469,,
2023-03-31,AMZN,SELL,8,103.29000091552734,826.3200073242188,41.280029296875,0.05258334664764955
2023-03-31,TSLA,SELL,3,207.4600067138672,622.3800201416016,51.15000915527344,0.08954363071182839
2023-03-31,IONQ,SELL,96,6.150000095367432,590.4000091552734,97.91999816894531,0.198830401203154
2023-03-31,NVDA,SELL,28,27.755477905273438,777.1533813476562,34.860931396484375,0.046963877106358194
2023-03-31,IONQ,BUY,73,6.150000095367432,448.9500069618225,,
2023-04-03,META,SELL,3,211.7645263671875,635.2935791015625,30.501937866210938,0.05043379535455793
2023-04-03,AAPL,SELL,4,164.1092529296875,656.43701171875,33.65740966796875,0.05404385364764136
2023-04-04,LLY,SELL,2,347.9269714355469,695.8539428710938,33.29931640625,0.05025897499791576
2023-04-04,IONQ,SELL,73,7.070000171661377,516.1100125312805,67.16000556945801,0.14959350602074745
2023-04-06,GOOGL,SELL,6,107.6773452758789,646.0640716552734,44.87049865722656,0.0746356925165804
2023-04-12,AMZN,BUY,10,97.83000183105469,978.3000183105469,,
2023-04-12,NVDA,BUY,38,26.474472045898438,1006.0299377441406,,
2023-04-17,AMZN,SELL,10,102.73999786376953,1027.3999786376953,49.09996032714844,0.05018906205474728
2023-04-19,NVDA,SELL,38,27.909360885620117,1060.5557136535645,54.52577590942383,0.05419895955749494
2023-04-20,AMZN,BUY,10,103.80999755859375,1038.0999755859375,,
2023-04-20,META,BUY,5,211.7645263671875,1058.8226318359375,,
2023-04-21,MSFT,BUY,3,280.31005859375,840.93017578125,,
2023-04-24,NVDA,BUY,29,27.02105140686035,783.6104907989502,,
2023-04-24,LLY,BUY,2,376.11468505859375,752.2293701171875,,
2023-04-25,MSFT,SELL,3,270.167236328125,810.501708984375,-30.428466796875,-0.036184296476941165
2023-04-25,MSFT,BUY,2,270.167236328125,540.33447265625,,
2023-04-26,MSFT,SELL,2,289.7366638183594,579.4733276367188,39.13885498046875,0.0724344955968932
2023-04-27,AMZN,SELL,10,109.81999969482422,1098.1999969482422,60.10002136230469,0.05789425178281338
2023-04-27,META,SELL,5,237.09835815429688,1185.4917907714844,126.66915893554688,0.11963208485250248
2023-04-28,IONQ,BUY,127,5.510000228881836,699.7700290679932,,
2023-05-01,NVDA,SELL,29,28.88759994506836,837.7403984069824,54.12990760803223,0.0690775688222891
2023-05-01,LLY,SELL,2,398.1508483886719,796.3016967773438,44.07232666015625,0.058588946950170744
2023-05-01,TSLA,BUY,4,161.8300018310547,647.3200073242188,,
2023-05-01,LLY,BUY,2,398.1508483886719,796.3016967773438,,
2023-05-02,IONQ,SELL,127,5.309999942779541,674.3699927330017,-25.400036334991455,-0.03629769106976638
2023-05-02,IONQ,BUY,132,5.309999942779541,700.9199924468994,,
2023-05-03,LLY,SELL,2,423.05181884765625,846.1036376953125,49.80194091796875,0.06254154815884314
2023-05-03,GOOGL,BUY,8,104.6879653930664,837.5037231445312,,
2023-05-03,AMZN,BUY,8,103.6500015258789,829.2000122070312,,
2023-05-05,TSLA,SELL,4,170.05999755859375,680.239990234375,32.91998291015625,0.05085580939516341
2023-05-05,IONQ,SELL,132,5.900000095367432,778.800012588501,77.88002014160156,0.11111114104439192
2023-05-05,IONQ,BUY,118,5.900000095367432,696.2000112533569,,
2023-05-09,IONQ,SELL,118,6.380000114440918,752.8400135040283,56.64000225067139,0.08135593412114912
2023-05-09,IONQ,BUY,119,6.380000114440918,759.2200136184692,,
2023-05-10,GOOGL,SELL,8,110.98452758789062,887.876220703125,50.37249755859375,0.060145998359819555
2023-05-10,AMZN,SELL,8,110.19000244140625,881.52001953125,52.32000732421875,0.06309696883018823
2023-05-10,IONQ,SELL,119,6.949999809265137,827.0499773025513,67.82996368408203,0.08934164335421302
2023-05-10,GOOGL,BUY,8,110.98452758789062,887.876220703125,,
2023-05-10,IONQ,BUY,109,6.949999809265137,757.5499792098999,,
2023-05-11,AMZN,BUY,8,112.18000030517578,897.4400024414062,,
2023-05-11,NVDA,BUY,32,28.555858612060547,913.7874755859375,,
2023-05-12,GOOGL,SELL,8,116.70507049560547,933.6405639648438,45.76434326171875,0.05154360731215118
2023-05-12,IONQ,SELL,109,6.349999904632568,692.14998960495,-65.39998960494995,-0.08633092389912018
2023-05-12,META,BUY,3,232.37745666503906,697.1323699951172,,
2023-05-12,TSLA,BUY,4,167.97999572753906,671.9199829101562,,
2023-05-12,IONQ,BUY,102,6.349999904632568,647.699990272522,,
2023-05-15,IONQ,SELL,102,7.340000152587891,748.6800155639648,100.98002529144287,0.15590555320057237
2023-05-15,GOOGL,BUY,6,115.7119140625,694.271484375,,
2023-05-15,IONQ,BUY,85,7.340000152587891,623.9000129699707,,
2023-05-16,IONQ,SELL,85,7.989999771118164,679.149980545044,55.24996757507324,0.08855580449832834
2023-05-16,IONQ,BUY,72,7.989999771118164,575.2799835205078,,
2023-05-17,NVDA,SELL,32,30.154619216918945,964.9478149414062,51.16033935546875,0.05598713127761331
2023-05-17,IONQ,SELL,72,8.960000038146973,645.120002746582,69.84001922607422,0.12140178908829449
2023-05-17,IONQ,BUY,65,8.960000038146973,582.4000024795532,,
2023-05-18,AMZN,SELL,8,118.1500015258789,945.2000122070312,47.760009765625,0.0532180531686777
2023-05-18,META,SELL,3,245.3375701904297,736.0127105712891,38.880340576171875,0.0557718193123699
2023-05-18,TSLA,SELL,4,176.88999938964844,707.5599975585938,35.6400146484375,0.0530420519629091
2023-05-18,GOOGL,SELL,6,121.98863220214844,731.9317932128906,37.660308837890625,0.05424435496122003
2023-05-19,NVDA,BUY,33,31.239774703979492,1030.9125652313232,,
2023-05-19,META,BUY,4,244.1349639892578,976.5398559570312,,
2023-05-19,TSLA,BUY,5,180.13999938964844,900.6999969482422,,
2023-05-22,IONQ,SELL,65,10.859999656677246,705.899977684021,123.49997520446777,0.21205352795101265
2023-05-22,AMZN,BUY,7,115.01000213623047,805.0700149536133,,
2023-05-24,MSFT,BUY,2,308.5372619628906,617.0745239257812,,
2023-05-25,NVDA,SELL,33,37.9505729675293,1252.3689079284668,221.45634269714355,0.21481583420942363
2023-05-26,META,SELL,4,260.43450927734375,1041.738037109375,65.19818115234375,0.06676448560150988
2023-05-26,TSLA,SELL,5,193.1699981689453,965.8499908447266,65.14999389648438,0.07233262364519377
2023-05-26,MSFT,SELL,2,327.2549743652344,654.5099487304688,37.4354248046875,0.06066597040261227
2023-05-26,TSLA,BUY,4,193.1699981689453,772.6799926757812,,
2023-05-30,AMZN,SELL,7,121.66000366210938,851.6200256347656,46.550010681152344,0.057821071231717
2023-05-31,TSLA,SELL,4,203.92999267578125,815.719970703125,43.03997802734375,0.05570220328637841
2023-05-31,TSLA,BUY,4,203.92999267578125,815.719970703125,,
2023-06-02,IONQ,BUY,65,9.220000267028809,599.3000173568726,,
2023-06-05,TSLA,SELL,4,217.61000061035156,870.4400024414062,54.72003173828125,0.06708188312603687
2023-06-05,IONQ,SELL,65,9.84000015258789,639.6000099182129,40.29999256134033,0.0672451049460631
2023-06-05,TSLA,BUY,4,217.61000061035156,870.4400024414062,,
2023-06-05,IONQ,BUY,61,9.84000015258789,600.2400093078613,,
2023-06-06,NVDA,BUY,23,38.624053955078125,888.3532409667969,,
2023-06-07,IONQ,SELL,61,9.449999809265137,576.4499883651733,-23.79002094268799,-0.039634180617383934
2023-06-07,NVDA,SELL,23,37.449832916259766,861.3461570739746,-27.007083892822266,-0.030401289315307042
2023-06-07,NVDA,BUY,21,37.449832916259766,786.4464912414551,,
2023-06-07,IONQ,BUY,59,9.449999809265137,557.5499887466431,,
2023-06-08,TSLA,SELL,4,234.86000061035156,939.4400024414062,69.0,0.07927025390201405
2023-06-08,IONQ,SELL,59,10.649999618530273,628.3499774932861,70.79998874664307,0.12698410936353793
2023-06-08,MSFT,BUY,3,319.754150390625,959.262451171875,,
2023-06-08,META,BUY,3,262.95892333984375,788.8767700195312,,
2023-06-08,TSLA,BUY,3,234.86000061035156,704.5800018310547,,
2023-06-12,NVDA,SELL,21,39.45549392700195,828.565372467041,42.11888122558594,0.05355594016205558
2023-06-12,TSLA,SELL,3,249.8300018310547,749.4900054931641,44.910003662109375,0.06374010551732628
2023-06-12,NVDA,BUY,19,39.45549392700195,749.6543846130371,,
2023-06-12,TSLA,BUY,3,249.8300018310547,749.4900054931641,,
2023-06-14,NVDA,SELL,19,42.96813201904297,816.3945083618164,66.7401237487793,0.08902785752827921
2023-06-15,MSFT,SELL,3,342.20751953125,1026.62255859375,67.360107421875,0.07022072774722402
2023-06-15,META,SELL,3,280.1032409667969,840.3097229003906,51.432952880859375,0.06519770239854569
2023-06-16,IONQ,BUY,72,9.699999809265137,698.3999862670898,,
2023-06-20,TSLA,SELL,3,274.45001220703125,823.3500366210938,73.86003112792969,0.09854705277801513
2023-06-20,IONQ,SELL,72,9.3100004196167,670.3200302124023,-28.0799560546875,-0.04020612343475742
2023-06-20,IONQ,BUY,72,9.3100004196167,670.3200302124023,,
2023-06-26,IONQ,SELL,72,10.329999923706055,743.7599945068359,73.4399642944336,0.10955955511453669
2023-06-26,TSLA,BUY,3,241.0500030517578,723.1500091552734,,
2023-06-26,V,BUY,5,222.54803466796875,1112.7401733398438,,
2023-06-26,IONQ,BUY,73,10.329999923706055,754.089994430542,,
2023-06-28,TSLA,SELL,3,256.239990234375,768.719970703125,45.56996154785156,0.0630159178191573
2023-06-28,IONQ,SELL,73,13.350000381469727,974.55002784729,220.46003341674805,0.2923524182060398
2023-06-28,TSLA,BUY,3,256.239990234375,768.719970703125,,
2023-07-03,V,SELL,5,234.02455139160156,1170.1227569580078,57.38258361816406,0.051568717471512336
2023-07-03,TSLA,SELL,3,279.82000732421875,839.4600219726562,70.74005126953125,0.09202317354241163
2023-07-05,META,BUY,4,292.56640625,1170.265625,,
2023-07-06,NVDA,BUY,26,42.07473373413086,1093.9430770874023,,
2023-07-06,IONQ,BUY,59,13.289999961853027,784.1099977493286,,
2023-07-10,IONQ,SELL,59,14.029999732971191,827.7699842453003,43.65998649597168,0.055680946067887406
2023-07-10,GOOGL,BUY,8,115.65232849121094,925.2186279296875,,
2023-07-10,AMZN,BUY,8,127.12999725341797,1017.0399780273438,,
2023-07-10,TSLA,BUY,3,269.6099853515625,808.8299560546875,,
2023-07-10,IONQ,BUY,48,14.029999732971191,673.4399871826172,,
2023-07-11,MSFT,BUY,2,326.84210205078125,653.6842041015625,,
2023-07-12,META,SELL,4,307.4447021484375,1229.77880859375,59.51318359375,0.050854423408147185
2023-07-13,NVDA,SELL,26,45.946128845214844,1194.599349975586,100.6562728881836,0.09201234963356461
2023-07-13,GOOGL,SELL,8,123.68692016601562,989.495361328125,64.2767333984375,0.06947194042370951
2023-07-13,AMZN,SELL,8,134.3000030517578,1074.4000244140625,57.36004638671875,0.05639900852076101
2023-07-13,LLY,BUY,2,427.60498046875,855.2099609375,,
2023-07-14,IONQ,SELL,48,13.550000190734863,650.4000091552734,-23.03997802734375,-0.034212370019388205
2023-07-14,IONQ,BUY,48,13.550000190734863,650.4000091552734,,
2023-07-17,TSLA,SELL,3,290.3800048828125,871.1400146484375,62.31005859375,0.07703727851239107
2023-07-17,IONQ,SELL,48,14.899999618530273,715.1999816894531,64.79997253417969,0.09963095267839955
2023-07-18,MSFT,SELL,2,353.4046936035156,706.8093872070312,53.12518310546875,0.08127040973628104
2023-07-19,GOOGL,BUY,10,121.1941146850586,1211.941146850586,,
2023-07-20,LLY,SELL,2,456.2496643066406,912.4993286132812,57.28936767578125,0.06698865809862573
2023-07-21,NVDA,BUY,25,44.27924728393555,1106.9811820983887,,
2023-07-21,META,BUY,3,292.4571228027344,877.3713684082031,,
2023-07-21,IONQ,BUY,55,14.420000076293945,793.100004196167,,
2023-07-25,IONQ,SELL,55,15.220000267028809,837.1000146865845,44.00001049041748,0.055478515014021394
2023-07-25,IONQ,BUY,44,15.220000267028809,669.6800117492676,,
2023-07-26,GOOGL,SELL,10,128.38453674316406,1283.8453674316406,71.90422058105469,0.05932979564883062
2023-07-26,IONQ,SELL,44,16.190000534057617,712.3600234985352,42.68001174926758,0.06373194809530502
2023-07-26,IONQ,BUY,43,16.190000534057617,696.1700229644775,,
2023-07-27,META,SELL,3,309.8002014160156,929.4006042480469,52.02923583984375,0.059301269352155093
2023-07-27,IONQ,SELL,43,15.529999732971191,667.7899885177612,-28.38003444671631,-0.040765953015136386
2023-07-27,IONQ,BUY,48,15.529999732971191,745.4399871826172,,
2023-07-28,NVDA,SELL,25,46.71861267089844,1167.965316772461,60.984134674072266,0.055090489034755774
2023-07-28,IONQ,SELL,48,17.93000030517578,860.6400146484375,115.20002746582031,0.1545396402750242
2023-08-01,AMZN,BUY,10,131.69000244140625,1316.9000244140625,,
2023-08-01,LLY,BUY,3,445.6947937011719,1337.0843811035156,,
2023-08-04,AMZN,SELL,10,139.57000732421875,1395.7000732421875,78.800048828125,0.059837533121154016
2023-08-08,LLY,SELL,3,513.0866088867188,1539.2598266601562,202.17544555664062,0.15120619791383863
2023-08-08,LLY,BUY,2,513.0866088867188,1026.1732177734375,,
2023-08-11,NVDA,BUY,28,40.82756042480469,1143.1716918945312,,
2023-08-14,NVDA,SELL,28,43.72362518310547,1224.2615051269531,81.08981323242188,0.07093406336718772
2023-08-14,NVDA,BUY,24,43.72362518310547,1049.3670043945312,,
2023-08-15,LLY,SELL,2,538.8508911132812,1077.7017822265625,51.528564453125,0.05021429478049551
2023-08-16,IONQ,BUY,49,13.6899995803833,670.8099794387817,,
2023-08-17,IONQ,SELL,49,13.010000228881836,637.49001121521,-33.31996822357178,-0.049671247066789596
2023-08-17,IONQ,BUY,49,13.010000228881836,637.49001121521,,
2023-08-18,TSLA,BUY,5,215.49000549316406,1077.4500274658203,,
2023-08-21,NVDA,SELL,24,46.93546676635742,1126.4512023925781,77.08419799804688,0.07345780615860252
2023-08-21,IONQ,SELL,49,14.420000076293945,706.5800037384033,69.08999252319336,0.10837815700279153
2023-08-21,TSLA,SELL,5,231.27999877929688,1156.3999938964844,78.94996643066406,0.07327482891838208
2023-08-21,IONQ,BUY,44,14.420000076293945,634.4800033569336,,
2023-08-22,NVDA,BUY,25,45.63733673095703,1140.9334182739258,,
2023-08-22,TSLA,BUY,5,233.19000244140625,1165.9500122070312,,
2023-08-23,IONQ,SELL,44,16.100000381469727,708.400016784668,73.92001342773438,0.11650487491589215
2023-08-24,AAPL,BUY,7,174.66912841796875,1222.6838989257812,,
2023-08-24,IONQ,BUY,47,14.619999885559082,687.1399946212769,,
2023-08-29,NVDA,SELL,25,48.75124740600586,1218.7811851501465,77.8477668762207,0.06823164755222402
2023-08-29,TSLA,SELL,5,257.17999267578125,1285.8999633789062,119.949951171875,0.10287743892623774
2023-08-29,IONQ,SELL,47,16.5,775.5,88.36000537872314,0.1285909801064971
2023-08-29,IONQ,BUY,39,16.5,643.5,,
2023-08-30,AAPL,SELL,7,185.82981872558594,1300.8087310791016,78.12483215332031,0.06389618136131406
2023-08-31,LLY,BUY,2,546.3230590820312,1092.6461181640625,,
2023-09-01,IONQ,SELL,39,17.510000228881836,682.8900089263916,39.3900089263916,0.061212135083747635
2023-09-01,TSLA,BUY,4,245.00999450683594,980.0399780273438,,
2023-09-01,IONQ,BUY,50,17.510000228881836,875.5000114440918,,
2023-09-05,IONQ,SELL,50,18.969999313354492,948.4999656677246,72.99995422363281,0.08338087180972525
2023-09-05,TSLA,SELL,4,256.489990234375,1025.9599609375,45.91998291015625,0.046855214011356436
2023-09-06,AMZN,BUY,10,135.36000061035156,1353.6000061035156,,
2023-09-06,TSLA,BUY,4,251.9199981689453,1007.6799926757812,,
2023-09-08,LLY,SELL,2,578.1246337890625,1156.249267578125,63.6031494140625,0.0582102003171281
2023-09-11,AMZN,SELL,10,143.10000610351562,1431.0000610351562,77.40005493164062,0.05718089138788132
2023-09-11,TSLA,SELL,4,273.5799865722656,1094.3199462890625,86.63995361328125,0.08597963067939711
2023-09-21,NVDA,BUY,32,40.992835998535156,1311.770751953125,,
2023-09-22,IONQ,BUY,57,13.279999732971191,756.9599847793579,,
2023-09-27,IONQ,SELL,57,14.239999771118164,811.6799869537354,54.72000217437744,0.07228916095257991
2023-09-27,TSLA,BUY,4,240.5,962.0,,
2023-09-28,NVDA,SELL,32,43.06361770629883,1378.0357666015625,66.2650146484375,0.05051569761696091
2023-09-29,GOOGL,BUY,10,129.96360778808594,1299.6360778808594,,
2023-09-29,NVDA,BUY,30,43.4733772277832,1304.201316833496,,
2023-09-29,META,BUY,4,298.3706359863281,1193.4825439453125,,
2023-09-29,LLY,BUY,2,529.4957885742188,1058.9915771484375,,
2023-10-03,IONQ,BUY,47,13.920000076293945,654.2400035858154,,
2023-10-04,TSLA,SELL,4,261.1600036621094,1044.6400146484375,82.6400146484375,0.08590438113143191
2023-10-04,IONQ,SELL,47,14.770000457763672,694.1900215148926,39.95001792907715,0.06106324546055824
2023-10-04,IONQ,BUY,44,14.770000457763672,649.8800201416016,,
2023-10-05,AMZN,BUY,7,125.95999908447266,881.7199935913086,,
2023-10-06,GOOGL,SELL,10,136.63760375976562,1366.3760375976562,66.73995971679688,0.05135280626067314
2023-10-06,NVDA,SELL,30,45.735042572021484,1372.0512771606445,67.84996032714844,0.05202414646527355
2023-10-06,META,SELL,4,313.49737548828125,1253.989501953125,60.5069580078125,0.050697815661210906
2023-10-06,LLY,SELL,2,557.1864624023438,1114.3729248046875,55.38134765625,0.05229630608146685
2023-10-06,LLY,BUY,1,557.1864624023438,557.1864624023438,,
2023-10-10,IONQ,SELL,44,16.0,704.0,54.11997985839844,0.08327687908701409
2023-10-11,LLY,SELL,1,596.6771240234375,596.6771240234375,39.49066162109375,0.07087512760239603
2023-10-12,AMZN,SELL,7,132.3300018310547,926.3100128173828,44.59001922607422,0.05057163220769882
2023-10-25,AMZN,BUY,11,121.38999938964844,1335.2899932861328,,
2023-10-26,AAPL,BUY,8,165.2711944580078,1322.1695556640625,,
2023-10-26,MSFT,BUY,4,323.0220642089844,1292.0882568359375,,
2023-10-26,NVDA,BUY,30,40.30224609375,1209.0673828125,,
2023-10-26,META,BUY,4,286.5833435058594,1146.3333740234375,,
2023-10-26,TSLA,BUY,5,205.75999450683594,1028.7999725341797,,
2023-10-26,V,BUY,6,227.87315368652344,1367.2389221191406,,
2023-10-26,IONQ,BUY,84,9.920000076293945,833.2800064086914,,
2023-10-27,AMZN,SELL,11,127.73999786376953,1405.1399765014648,69.84998321533203,0.05231072169082317
2023-10-27,GOOGL,BUY,5,121.3331527709961,606.6657638549805,,
2023-10-27,AMZN,BUY,5,127.73999786376953,638.6999893188477,,
2023-10-30,TSLA,SELL,5,197.36000061035156,986.8000030517578,-41.999969482421875,-0.04082423270187881
2023-10-30,IONQ,SELL,84,9.5,798.0,-35.280006408691406,-0.042338717042717494
2023-10-30,TSLA,BUY,3,197.36000061035156,592.0800018310547,,
2023-10-30,LLY,BUY,1,557.6695556640625,557.6695556640625,,
2023-10-30,IONQ,BUY,48,9.5,456.0,,
2023-11-01,MSFT,SELL,4,340.93218994140625,1363.728759765625,71.6405029296875,0.05544551817622782
2023-11-01,META,SELL,4,309.9393310546875,1239.75732421875,93.4239501953125,0.0814980635758777
2023-11-01,AMZN,SELL,5,137.0,685.0,46.300010681152344,0.07249101527389999
2023-11-01,IONQ,SELL,48,10.220000267028809,490.5600128173828,34.56001281738281,0.07578950179250617
2023-11-01,IONQ,BUY,49,10.220000267028809,500.7800130844116,,
2023-11-02,AAPL,SELL,8,175.8475799560547,1406.7806396484375,84.611083984375,0.06399412512707488
2023-11-02,NVDA,SELL,30,43.480369567871094,1304.4110870361328,95.34370422363281,0.07885722961266795
2023-11-02,V,SELL,6,239.66683959960938,1438.0010375976562,70.76211547851562,0.051755486428691246
2023-11-02,TSLA,SELL,3,218.50999450683594,655.5299835205078,63.449981689453125,0.10716454109787359
2023-11-02,IONQ,SELL,49,11.140000343322754,545.8600168228149,45.08000373840332,0.0900195745847481
2023-11-02,NVDA,BUY,20,43.480369567871094,869.6073913574219,,
2023-11-03,GOOGL,SELL,5,128.21568298339844,641.0784149169922,34.41265106201172,0.056724234516450874
2023-11-03,AAPL,BUY,8,174.93649291992188,1399.491943359375,,
2023-11-06,LLY,SELL,1,586.73046875,586.73046875,29.0609130859375,0.052111349437629434
2023-11-06,NVDA,SELL,20,45.72404861450195,914.4809722900391,44.87358093261719,0.051602115366764935
2023-11-06,NVDA,BUY,26,45.72404861450195,1188.8252639770508,,
2023-11-07,META,BUY,4,316.8666076660156,1267.4664306640625,,
2023-11-08,TSLA,BUY,4,222.11000061035156,888.4400024414062,,
2023-11-08,IONQ,BUY,77,11.40999984741211,878.5699882507324,,
2023-11-09,TSLA,SELL,4,209.97999572753906,839.9199829101562,-48.52001953125,-0.05461260118625732
2023-11-09,GOOGL,BUY,8,129.34788513183594,1034.7830810546875,,
2023-11-09,TSLA,BUY,4,209.97999572753906,839.9199829101562,,
2023-11-10,AAPL,SELL,8,184.8351287841797,1478.6810302734375,79.1890869140625,0.05658416776875118
2023-11-10,NVDA,SELL,26,48.30652618408203,1255.9696807861328,67.14441680908203,0.05647963484932988
2023-11-10,IONQ,SELL,77,10.65999984741211,820.8199882507324,-57.75,-0.06573181507711473
2023-11-10,IONQ,BUY,64,10.65999984741211,682.239990234375,,
2023-11-13,TSLA,SELL,4,223.7100067138672,894.8400268554688,54.9200439453125,0.06538723338266751
2023-11-13,IONQ,SELL,64,11.550000190734863,739.2000122070312,56.96002197265625,0.08348971445237086
2023-11-13,TSLA,BUY,4,223.7100067138672,894.8400268554688,,
2023-11-13,IONQ,BUY,76,11.550000190734863,877.8000144958496,,
2023-11-14,META,SELL,4,334.24945068359375,1336.997802734375,69.5313720703125,0.054858551191673766
2023-11-14,TSLA,SELL,4,237.41000366210938,949.6400146484375,54.79998779296875,0.06123998273248883
2023-11-14,IONQ,SELL,76,12.6899995803833,964.4399681091309,86.63995361328125,0.09870124422707093
2023-11-16,GOOGL,SELL,8,135.99203491210938,1087.936279296875,53.1531982421875,0.051366512668541
2023-11-24,IONQ,BUY,91,12.359999656677246,1124.7599687576294,,
2023-12-01,IONQ,SELL,91,13.609999656677246,1238.5099687576294,113.75,0.10113268889329718
2023-12-05,META,BUY,5,316.3398742675781,1581.6993713378906,,
2023-12-06,NVDA,BUY,31,45.480194091796875,1409.8860168457031,,
2023-12-08,IONQ,BUY,77,13.6899995803833,1054.1299676895142,,
2023-12-11,IONQ,SELL,77,13.050000190734863,1004.8500146865845,-49.27995300292969,-0.04674940900403727
2023-12-11,AMZN,BUY,8,145.88999938964844,1167.1199951171875,,
2023-12-11,TSLA,BUY,4,239.74000549316406,958.9600219726562,,
2023-12-11,IONQ,BUY,73,13.050000190734863,952.650013923645,,
2023-12-12,META,SELL,5,332.1722412109375,1660.8612060546875,79.16183471679688,0.05004859719318047
2023-12-13,NVDA,SELL,31,48.063907623291016,1489.9811363220215,80.09511947631836,0.056809641715230876
2023-12-14,IONQ,SELL,73,14.760000228881836,1077.480016708374,124.830002784729,0.13103448376659987
2023-12-14,GOOGL,BUY,10,131.03622436523438,1310.3622436523438,,
2023-12-14,META,BUY,4,331.12872314453125,1324.514892578125,,
2023-12-15,TSLA,SELL,4,253.5,1014.0,55.03997802734375,0.057395487576345654
2023-12-18,AMZN,SELL,8,154.07000732421875,1232.56005859375,65.4400634765625,0.05606969613265158
2023-12-19,META,SELL,4,348.2133483886719,1392.8533935546875,68.3385009765625,0.05159511709494171
2023-12-21,GOOGL,SELL,10,139.45814514160156,1394.5814514160156,84.21920776367188,0.06427169904478439
2023-12-26,LLY,BUY,2,563.5984497070312,1127.1968994140625,,
2024-01-02,NVDA,BUY,32,48.143856048583984,1540.6033935546875,,
2024-01-03,LLY,SELL,2,610.045654296875,1220.09130859375,92.8944091796875,0.08241187429452274
2024-01-03,META,BUY,4,342.35943603515625,1369.437744140625,,
2024-01-04,AMZN,BUY,10,144.57000732421875,1445.7000732421875,,
2024-01-05,MSFT,BUY,3,363.025634765625,1089.076904296875,,
2024-01-05,GOOGL,BUY,10,134.80026245117188,1348.0026245117188,,
2024-01-08,NVDA,SELL,32,52.2268180847168,1671.2581787109375,130.65478515625,0.08480754080048188
2024-01-08,NVDA,BUY,21,52.2268180847168,1096.7631797790527,,
2024-01-10,META,SELL,4,368.2001647949219,1472.8006591796875,103.3629150390625,0.07547835999213437
2024-01-10,AMZN,SELL,10,153.72999572753906,1537.2999572753906,91.59988403320312,0.06336022645954316
2024-01-12,MSFT,SELL,3,383.4794616699219,1150.4383850097656,61.361480712890625,0.05634265171797629
2024-01-12,GOOGL,SELL,10,141.67286682128906,1416.7286682128906,68.72604370117188,0.05098361268107042
2024-01-16,NVDA,SELL,21,56.35374450683594,1183.4286346435547,86.66545486450195,0.07901929647379397
2024-01-16,AAPL,BUY,9,182.08837890625,1638.79541015625,,
2024-01-16,NVDA,BUY,28,56.35374450683594,1577.9048461914062,,
2024-01-16,IONQ,BUY,114,10.970000267028809,1250.5800304412842,,
2024-01-17,GOOGL,BUY,9,140.50094604492188,1264.5085144042969,,
2024-01-17,META,BUY,3,366.1130065917969,1098.3390197753906,,
2024-01-19,NVDA,SELL,28,59.461185455322266,1664.9131927490234,87.00834655761719,0.05514169423310252
2024-01-22,AAPL,SELL,9,192.2622528076172,1730.3602752685547,91.56486511230469,0.055873274079755016
2024-01-22,IONQ,SELL,114,11.720000267028809,1336.0800304412842,85.5,0.0683682754552143
2024-01-24,GOOGL,SELL,9,147.68142700195312,1329.1328430175781,64.62432861328125,0.05110628190884537
2024-01-24,META,SELL,3,388.3062438964844,1164.9187316894531,66.5797119140625,0.06061854374223907
2024-01-25,LLY,BUY,2,619.8426513671875,1239.685302734375,,
2024-01-26,AMZN,BUY,10,159.1199951171875,1591.199951171875,,
2024-01-26,NVDA,BUY,25,61.00041198730469,1525.0102996826172,,
2024-01-26,META,BUY,4,391.72515869140625,1566.900634765625,,
2024-02-01,LLY,SELL,2,652.2461547851562,1304.4923095703125,64.8070068359375,0.052276982467237956
2024-02-01,LLY,BUY,1,652.2461547851562,652.2461547851562,,
2024-02-01,IONQ,BUY,91,10.239999771118164,931.8399791717529,,
2024-02-02,AMZN,SELL,10,171.80999755859375,1718.0999755859375,126.9000244140625,0.07975114901216791
2024-02-02,NVDA,SELL,25,66.12684631347656,1653.171157836914,128.16085815429688,0.08403933939395
2024-02-02,META,SELL,4,472.0797424316406,1888.3189697265625,321.4183349609375,0.20513000494700473
2024-02-02,NVDA,BUY,17,66.12684631347656,1124.1563873291016,,
2024-02-05,LLY,SELL,1,697.4490356445312,697.4490356445312,45.202880859375,0.06930340719948652
2024-02-05,IONQ,SELL,91,9.869999885559082,898.1699895858765,-33.669989585876465,-0.03613280213176017
2024-02-05,IONQ,BUY,116,9.869999885559082,1144.9199867248535,,
2024-02-06,IONQ,SELL,116,10.4399995803833,1211.039951324463,66.11996459960938,0.057750729628496984
2024-02-06,LLY,BUY,2,696.2935180664062,1392.5870361328125,,
2024-02-07,NVDA,SELL,17,70.06385803222656,1191.0855865478516,66.92919921875,0.059537267210452806
2024-02-07,NVDA,BUY,21,70.06385803222656,1471.3410186767578,,
2024-02-08,TSLA,BUY,6,189.55999755859375,1137.3599853515625,,
2024-02-13,LLY,SELL,2,733.7633666992188,1467.5267333984375,74.939697265625,0.053813295198935
2024-02-14,NVDA,SELL,21,73.86296081542969,1551.1221771240234,79.78115844726562,0.05422343116554744
2024-02-15,TSLA,SELL,6,200.4499969482422,1202.6999816894531,65.33999633789062,0.05744882638691898
2024-02-16,NVDA,BUY,23,72.57660675048828,1669.2619552612305,,
2024-02-20,NVDA,SELL,23,69.41719818115234,1596.595558166504,-72.66639709472656,-0.043532051315070354
2024-02-20,NVDA,BUY,21,69.41719818115234,1457.7611618041992,,
2024-02-20,IONQ,BUY,123,10.619999885559082,1306.259985923767,,
2024-02-22,NVDA,SELL,21,78.49864959716797,1648.4716415405273,190.71047973632812,0.13082422877852992
2024-02-23,TSLA,BUY,7,191.97000122070312,1343.7900085449219,,
2024-02-26,IONQ,SELL,123,11.239999771118164,1382.5199718475342,76.25998592376709,0.058380404165742854
2024-02-26,NVDA,BUY,17,79.0523681640625,1343.8902587890625,,
2024-02-28,TSLA,SELL,7,202.0399932861328,1414.2799530029297,70.48994445800781,0.052456071268408594
2024-03-04,NVDA,SELL,17,85.19427490234375,1448.3026733398438,104.41241455078125,0.07769415238180535
2024-03-05,NVDA,BUY,18,85.9249496459961,1546.6490936279297,,
2024-03-05,IONQ,BUY,143,9.369999885559082,1339.9099836349487,,
2024-03-06,IONQ,SELL,143,9.920000076293945,1418.5600109100342,78.65002727508545,0.05869799332468682
2024-03-06,GOOGL,BUY,12,130.4999237060547,1565.9990844726562,,
2024-03-06,NVDA,SELL,18,88.65970611572266,1595.8747100830078,49.225616455078125,0.03182726880834426
2024-03-12,GOOGL,SELL,12,137.55128479003906,1650.6154174804688,84.6163330078125,0.05403344985754363
2024-03-12,GOOGL,BUY,12,137.55128479003906,1650.6154174804688,,
2024-03-14,TSLA,BUY,8,162.5,1300.0,,
2024-03-15,NVDA,BUY,15,87.79708862304688,1316.9563293457031,,
2024-03-15,META,BUY,3,481.64447021484375,1444.9334106445312,,
2024-03-18,GOOGL,SELL,12,146.66839599609375,1760.020751953125,109.40533447265625,0.06628154160807165
2024-03-18,TSLA,SELL,8,173.8000030517578,1390.4000244140625,90.4000244140625,0.06953848031850962
2024-03-22,NVDA,SELL,15,94.24617004394531,1413.6925506591797,96.73622131347656,0.07345438809010284
2024-03-22,META,SELL,3,506.9951477050781,1520.9854431152344,76.05203247070312,0.052633589832197965
2024-03-22,IONQ,BUY,123,9.390000343322754,1154.9700422286987,,
2024-03-28,IONQ,SELL,123,9.989999771118164,1228.7699718475342,73.79992961883545,0.06389770030435311
2024-03-28,META,BUY,3,483.1169128417969,1449.3507385253906,,
2024-04-02,TSLA,BUY,9,166.6300048828125,1499.6700439453125,,
2024-04-04,META,SELL,3,508.32843017578125,1524.9852905273438,75.63455200195312,0.05218512675469142
2024-04-04,GOOGL,BUY,11,149.49888610839844,1644.4877471923828,,
2024-04-04,AMZN,BUY,9,180.0,1620.0,,
2024-04-04,NVDA,BUY,17,85.865966796875,1459.721435546875,,
2024-04-09,TSLA,SELL,9,176.8800048828125,1591.9200439453125,92.25,0.0615135311747042
2024-04-11,GOOGL,SELL,11,158.3180694580078,1741.498764038086,97.01101684570312,0.05899163250764808
2024-04-11,AMZN,SELL,9,189.0500030517578,1701.4500274658203,81.45002746582031,0.050277794731987846
2024-04-11,NVDA,SELL,17,90.57483673095703,1539.7722244262695,80.05078887939453,0.05483977074667266
2024-04-17,IONQ,BUY,192,7.28000020980835,1397.7600402832031,,
2024-04-19,GOOGL,BUY,12,153.0345001220703,1836.4140014648438,,
2024-04-19,NVDA,BUY,19,76.1653823852539,1447.1422653198242,,
2024-04-19,TSLA,BUY,10,147.0500030517578,1470.5000305175781,,
2024-04-22,TSLA,SELL,10,142.0500030517578,1420.5000305175781,-50.0,-0.03400203941675628
2024-04-22,TSLA,BUY,8,142.0500030517578,1136.4000244140625,,
2024-04-23,IONQ,SELL,192,7.96999979019165,1530.2399597167969,132.47991943359375,0.09478015940901538
2024-04-23,NVDA,SELL,19,82.38555908203125,1565.3256225585938,118.18335723876953,0.0816667165841159
2024-04-23,IONQ,BUY,137,7.96999979019165,1091.889971256256,,
2024-04-24,TSLA,SELL,8,162.1300048828125,1297.0400390625,160.6400146484375,0.14135868637565796
2024-04-24,TSLA,BUY,8,162.1300048828125,1297.0400390625,,
2024-04-24,LLY,BUY,2,724.3942260742188,1448.7884521484375,,
2024-04-25,AMZN,BUY,8,173.6699981689453,1389.3599853515625,,
2024-04-26,GOOGL,SELL,12,170.7721710205078,2049.2660522460938,212.85205078125,0.11590635369337486
2024-04-26,IONQ,SELL,137,8.970000267028809,1228.8900365829468,137.00006532669067,0.12547057756109573
2024-04-26,AAPL,BUY,8,168.0928955078125,1344.7431640625,,
2024-04-29,TSLA,SELL,8,194.0500030517578,1552.4000244140625,255.3599853515625,0.1968790304547087
2024-04-29,META,BUY,2,430.425537109375,860.85107421875,,
2024-04-30,LLY,SELL,2,772.77294921875,1545.5458984375,96.7574462890625,0.06678507558890254
2024-04-30,MSFT,BUY,4,385.0390625,1540.15625,,
2024-04-30,GOOGL,BUY,9,161.66497802734375,1454.9848022460938,,
2024-05-01,NVDA,BUY,14,83.0032730102539,1162.0458221435547,,
2024-05-02,AMZN,SELL,8,184.72000122070312,1477.760009765625,88.4000244140625,0.0636264361620389
2024-05-03,AAPL,SELL,8,182.072509765625,1456.580078125,111.8369140625,0.08316600303409472
2024-05-03,NVDA,SELL,14,88.74866485595703,1242.4813079833984,80.43548583984375,0.06921885893575981
2024-05-06,META,SELL,2,463.31787109375,926.6357421875,65.78466796875,0.07641817491887513
2024-05-06,MSFT,SELL,4,408.9822692871094,1635.9290771484375,95.7728271484375,0.062183838262148725
2024-05-07,GOOGL,SELL,9,170.0769805908203,1530.6928253173828,75.70802307128906,0.052033549047671726
2024-05-07,IONQ,BUY,175,8.630000114440918,1510.2500200271606,,
2024-05-09,IONQ,SELL,175,9.199999809265137,1609.999966621399,99.74994659423828,0.06604863120110692
2024-05-09,NVDA,BUY,19,88.70668029785156,1685.4269256591797,,
2024-05-10,TSLA,BUY,8,168.47000122070312,1347.760009765625,,
2024-05-14,TSLA,SELL,8,177.5500030517578,1420.4000244140625,72.6400146484375,0.053896846710171774
2024-05-14,TSLA,BUY,8,177.5500030517578,1420.4000244140625,,
2024-05-14,LLY,BUY,2,755.8355712890625,1511.671142578125,,
2024-05-15,NVDA,SELL,19,94.5870132446289,1797.1532516479492,111.72632598876953,0.0662896292255879
2024-05-16,NVDA,BUY,18,94.31613159179688,1697.6903686523438,,
2024-05-21,TSLA,SELL,8,186.60000610351562,1492.800048828125,72.4000244140625,0.05097157361985308
2024-05-21,LLY,SELL,2,795.962158203125,1591.92431640625,80.253173828125,0.053089042694335495
2024-05-23,NVDA,SELL,18,103.75184631347656,1867.5332336425781,169.84286499023438,0.10004348739108333
2024-05-23,NVDA,BUY,17,103.75184631347656,1763.7813873291016,,
2024-05-28,NVDA,SELL,17,113.84925842285156,1935.4373931884766,171.656005859375,0.09732272213129207
2024-05-29,NVDA,BUY,17,114.77283477783203,1951.1381912231445,,
2024-05-30,NVDA,SELL,17,110.44979095458984,1877.6464462280273,-73.49174499511719,-0.037666089119523675
2024-05-30,NVDA,BUY,16,110.44979095458984,1767.1966552734375,,
2024-05-30,META,BUY,4,464.680908203125,1858.7236328125,,
2024-06-03,IONQ,BUY,190,7.78000020980835,1478.2000398635864,,
2024-06-04,NVDA,SELL,16,116.38410949707031,1862.145751953125,94.9490966796875,0.05372865345594267
2024-06-04,AAPL,BUY,9,193.2260284423828,1739.0342559814453,,
2024-06-05,META,SELL,4,492.548828125,1970.1953125,111.4716796875,0.059972164618592755
2024-06-06,NVDA,BUY,13,120.94303894042969,1572.259506225586,,
2024-06-06,LLY,BUY,2,829.77587890625,1659.5517578125,,
2024-06-10,IONQ,SELL,190,8.220000267028809,1561.8000507354736,83.6000108718872,0.05655527575253084
2024-06-10,TSLA,BUY,8,173.7899932861328,1390.3199462890625,,
2024-06-11,AAPL,SELL,9,205.95199584960938,1853.5679626464844,114.53370666503906,0.06586052360446491
2024-06-13,NVDA,SELL,13,129.561767578125,1684.302978515625,112.04347229003906,0.0712627093977724
2024-06-13,LLY,SELL,2,875.4027709960938,1750.8055419921875,91.2537841796875,0.05498700703373758
2024-06-17,TSLA,SELL,8,187.44000244140625,1499.52001953125,109.2000732421875,0.07854312493585101
2024-06-18,GOOGL,BUY,13,174.09022521972656,2263.1729278564453,,
2024-06-18,AMZN,BUY,12,182.80999755859375,2193.719970703125,,
2024-06-18,TSLA,BUY,10,184.86000061035156,1848.6000061035156,,
2024-06-24,NVDA,BUY,11,118.0660400390625,1298.7264404296875,,
2024-06-25,GOOGL,SELL,13,182.9791717529297,2378.729232788086,115.55630493164062,0.051059423479888164
2024-06-25,NVDA,SELL,11,126.0430679321289,1386.473747253418,87.74730682373047,0.06756411827166545
2024-06-25,AAPL,BUY,7,207.86090087890625,1455.0263061523438,,
2024-06-25,IONQ,BUY,183,6.590000152587891,1205.970027923584,,
2024-06-26,AMZN,SELL,12,193.61000061035156,2323.3200073242188,129.60003662109375,0.059077748460098445
2024-06-26,TSLA,SELL,10,196.3699951171875,1963.699951171875,115.09994506835938,0.062263304494392685
2024-06-26,TSLA,BUY,7,196.3699951171875,1374.5899658203125,,
2024-06-27,IONQ,SELL,183,7.099999904632568,1299.29998254776,93.32995462417603,0.07738994540757348
2024-06-28,IONQ,BUY,222,7.03000020980835,1560.6600465774536,,
2024-07-01,TSLA,SELL,7,209.86000061035156,1469.020004272461,94.43003845214844,0.0686968774690535
2024-07-01,NVDA,BUY,12,124.25375366210938,1491.0450439453125,,
2024-07-01,META,BUY,3,502.6185607910156,1507.8556823730469,,
2024-07-01,TSLA,BUY,7,209.86000061035156,1469.020004272461,,
2024-07-02,AAPL,SELL,7,218.9961395263672,1532.9729766845703,77.94667053222656,0.053570626319704086
2024-07-02,TSLA,SELL,7,231.25999450683594,1618.8199615478516,149.79995727539062,0.10197271435359367
2024-07-02,AAPL,BUY,7,218.9961395263672,1532.9729766845703,,
2024-07-02,TSLA,BUY,6,231.25999450683594,1387.5599670410156,,
2024-07-03,TSLA,SELL,6,246.38999938964844,1478.3399963378906,90.780029296875,0.06542422054051059
2024-07-05,IONQ,SELL,222,7.409999847412109,1645.0199661254883,84.35991954803467,0.05405400089086473
2024-07-05,META,SELL,3,537.70458984375,1613.11376953125,105.25808715820312,0.06980647311853419
2024-07-05,IONQ,BUY,197,7.409999847412109,1459.7699699401855,,
2024-07-09,NVDA,SELL,12,131.33111572265625,1575.973388671875,84.9283447265625,0.05695893968557897
2024-07-09,IONQ,SELL,197,7.929999828338623,1562.2099661827087,102.4399962425232,0.07017543746753517
2024-07-09,IONQ,BUY,200,7.929999828338623,1585.9999656677246,,
2024-07-10,AAPL,SELL,7,231.6326141357422,1621.4282989501953,88.455322265625,0.05770181445528891
2024-07-10,IONQ,SELL,200,8.449999809265137,1689.9999618530273,103.99999618530273,0.06557376950605262
2024-07-19,IONQ,BUY,219,7.429999828338623,1627.1699624061584,,
2024-07-22,IONQ,SELL,219,8.079999923706055,1769.519983291626,142.35002088546753,0.08748319116889862
2024-07-24,TSLA,BUY,7,215.99000549316406,1511.9300384521484,,
2024-07-24,IONQ,BUY,207,7.619999885559082,1577.33997631073,,
2024-07-25,META,BUY,4,451.5579833984375,1806.23193359375,,
2024-07-26,IONQ,SELL,207,8.210000038146973,1699.4700078964233,122.13003158569336,0.0774278427098168
2024-07-29,TSLA,SELL,7,232.10000610351562,1624.7000427246094,112.77000427246094,0.07458678735420206
2024-08-01,META,SELL,4,495.7069396972656,1982.8277587890625,176.5958251953125,0.09777029290139418
2024-08-02,META,BUY,4,486.1461486816406,1944.5845947265625,,
2024-08-05,NVDA,BUY,14,100.41261291503906,1405.7765808105469,,
2024-08-05,LLY,BUY,2,768.3026123046875,1536.605224609375,,
2024-08-06,AAPL,BUY,8,206.03152465820312,1648.252197265625,,
2024-08-06,AMZN,BUY,10,161.92999267578125,1619.2999267578125,,
2024-08-07,TSLA,BUY,6,191.75999450683594,1150.5599670410156,,
2024-08-07,IONQ,BUY,157,6.800000190734863,1067.6000299453735,,
2024-08-08,LLY,SELL,2,837.7239379882812,1675.4478759765625,138.8426513671875,0.09035674820283336
2024-08-08,LLY,BUY,1,837.7239379882812,837.7239379882812,,
2024-08-09,META,SELL,4,515.6551513671875,2062.62060546875,118.0360107421875,0.06069985901476563
2024-08-09,LLY,SELL,1,883.6777954101562,883.6777954101562,45.953857421875,0.05485560975161944
2024-08-12,NVDA,SELL,14,108.97943115234375,1525.7120361328125,119.93545532226562,0.08531615689109921
2024-08-12,AAPL,SELL,8,216.52230834960938,1732.178466796875,83.92626953125,0.05091834227218374
2024-08-12,NVDA,BUY,11,108.97943115234375,1198.7737426757812,,
2024-08-13,AMZN,SELL,10,170.22999572753906,1702.2999572753906,83.00003051757812,0.05125673702941621
2024-08-13,TSLA,SELL,6,207.8300018310547,1246.9800109863281,96.4200439453125,0.08380271059950349
2024-08-13,IONQ,SELL,157,7.28000020980835,1142.960032939911,75.36000299453735,0.07058823611909541
2024-08-13,NVDA,SELL,11,116.09677124023438,1277.0644836425781,78.29074096679688,0.06530902219466721
2024-08-13,AMZN,BUY,10,170.22999572753906,1702.2999572753906,,
2024-08-13,NVDA,BUY,11,116.09677124023438,1277.0644836425781,,
2024-08-13,TSLA,BUY,7,207.8300018310547,1454.8100128173828,,
2024-08-14,TSLA,SELL,7,201.3800048828125,1409.6600341796875,-45.14997863769531,-0.03103496555557652
2024-08-14,TSLA,BUY,7,201.3800048828125,1409.6600341796875,,
2024-08-14,IONQ,BUY,192,7.309999942779541,1403.5199890136719,,
2024-08-15,NVDA,SELL,11,122.81427764892578,1350.9570541381836,73.89257049560547,0.05786126812080881
2024-08-15,TSLA,SELL,7,214.13999938964844,1498.979995727539,89.31996154785156,0.06336276788880436
2024-08-20,AMZN,SELL,10,178.8800048828125,1788.800048828125,86.50009155273438,0.050813660179597105
2024-08-21,IONQ,SELL,192,7.769999980926514,1491.8399963378906,88.32000732421875,0.06292750229106885
2024-08-28,TSLA,BUY,10,205.75,2057.5,,
2024-09-04,TSLA,SELL,10,219.41000366210938,2194.1000366210938,136.60003662109375,0.06639126931766404
2024-09-04,AMZN,BUY,13,173.3300018310547,2253.290023803711,,
2024-09-04,NVDA,BUY,16,106.17046356201172,1698.7274169921875,,
2024-09-06,NVDA,SELL,16,102.79173278808594,1644.667724609375,-54.0596923828125,-0.03182364153427985
2024-09-06,MSFT,BUY,5,398.7066955566406,1993.5334777832031,,
2024-09-06,NVDA,BUY,15,102.79173278808594,1541.875991821289,,
2024-09-06,TSLA,BUY,8,210.72999572753906,1685.8399658203125,,
2024-09-06,IONQ,BUY,249,6.800000190734863,1693.200047492981,,
2024-09-09,GOOGL,BUY,11,148.05706787109375,1628.6277465820312,,
2024-09-09,META,BUY,3,502.7281494140625,1508.1844482421875,,
2024-09-10,NVDA,SELL,15,108.05976104736328,1620.8964157104492,79.02042388916016,0.05124953258777961
2024-09-10,TSLA,SELL,8,226.1699981689453,1809.3599853515625,123.52001953125,0.07326912520498137
2024-09-10,NVDA,BUY,10,108.05976104736328,1080.5976104736328,,
2024-09-11,AMZN,SELL,13,184.52000427246094,2398.760055541992,145.47003173828125,0.06455894722895798
2024-09-11,MSFT,SELL,5,419.8876953125,2099.4384765625,105.90499877929688,0.05312426400637253
2024-09-11,IONQ,SELL,249,7.230000019073486,1800.270004749298,107.06995725631714,0.06323526709962544
2024-09-11,NVDA,SELL,10,116.86648559570312,1168.6648559570312,88.06724548339844,0.08149864910842992
2024-09-11,IONQ,BUY,180,7.230000019073486,1301.4000034332275,,
2024-09-12,TSLA,BUY,7,229.80999755859375,1608.6699829101562,,
2024-09-13,GOOGL,SELL,11,156.76864624023438,1724.4551086425781,95.82736206054688,0.058839327932155065
2024-09-13,IONQ,SELL,180,7.760000228881836,1396.8000411987305,95.40003776550293,0.07330569964179175
2024-09-13,IONQ,BUY,212,7.760000228881836,1645.1200485229492,,
2024-09-16,META,SELL,3,531.6084594726562,1594.8253784179688,86.64093017578125,0.0574471711843751
2024-09-16,META,BUY,3,531.6084594726562,1594.8253784179688,,
2024-09-18,NVDA,BUY,15,113.33749389648438,1700.0624084472656,,
2024-09-19,TSLA,SELL,7,243.9199981689453,1707.4399871826172,98.77000427246094,0.061398549933642424
2024-09-20,IONQ,SELL,212,8.220000267028809,1742.6400566101074,97.5200080871582,0.05927835368289101
2024-09-20,META,SELL,3,559.5903930664062,1678.7711791992188,83.94580078125,0.05263635876206232
2024-09-20,TSLA,BUY,7,238.25,1667.75,,
2024-09-23,IONQ,BUY,225,8.010000228881836,1802.250051498413,,
2024-09-24,NVDA,SELL,15,120.83535766601562,1812.5303649902344,112.46795654296875,0.06615519288241317
2024-09-24,TSLA,SELL,7,254.27000427246094,1779.8900299072266,112.14002990722656,0.06724031174170383
2024-09-25,IONQ,SELL,225,7.590000152587891,1707.7500343322754,-94.5000171661377,-0.05243446495538685
2024-09-25,IONQ,BUY,241,7.590000152587891,1829.1900367736816,,
2024-09-26,IONQ,SELL,241,8.0600004196167,1942.4601011276245,113.27006435394287,0.06192361759947489
2024-09-26,IONQ,BUY,230,8.0600004196167,1853.8000965118408,,
2024-09-27,IONQ,SELL,230,9.710000038146973,2233.3000087738037,379.4999122619629,0.20471458221198713
2024-09-27,META,BUY,4,565.5816040039062,2262.326416015625,,
2024-09-30,NVDA,BUY,17,121.40518951416016,2063.8882217407227,,
2024-10-01,NVDA,SELL,17,116.96646118164062,1988.4298400878906,-75.45838165283203,-0.03656127345365099
2024-10-01,NVDA,BUY,17,116.96646118164062,1988.4298400878906,,
2024-10-01,IONQ,BUY,182,8.170000076293945,1486.940013885498,,
2024-10-02,IONQ,SELL,182,9.199999809265137,1674.3999652862549,187.45995140075684,0.1260709575707149
2024-10-03,IONQ,BUY,164,9.25,1517.0,,
2024-10-04,META,SELL,4,594.0720825195312,2376.288330078125,113.9619140625,0.050373771554684844
2024-10-04,NVDA,SELL,17,124.88418579101562,2123.0311584472656,134.601318359375,0.06769226434130836
2024-10-04,NVDA,BUY,15,124.88418579101562,1873.2627868652344,,
2024-10-04,LLY,BUY,2,880.4268188476562,1760.8536376953125,,
2024-10-08,NVDA,SELL,15,132.85189819335938,1992.7784729003906,119.51568603515625,0.06380081154292123
2024-10-10,IONQ,SELL,164,9.8100004196167,1608.8400688171387,91.84006881713867,0.060540585904508025
2024-10-10,IONQ,BUY,162,9.8100004196167,1589.2200679779053,,
2024-10-11,LLY,SELL,2,924.9861450195312,1849.9722900390625,89.11865234375,0.05061105047912594
2024-10-11,IONQ,SELL,162,10.65999984741211,1726.9199752807617,137.69990730285645,0.0866462172718869
2024-10-11,IONQ,BUY,152,10.65999984741211,1620.3199768066406,,
2024-10-15,NVDA,BUY,17,131.56228637695312,2236.558868408203,,
2024-10-16,IONQ,SELL,152,12.300000190734863,1869.6000289916992,249.2800521850586,0.1538461882549549
2024-10-16,IONQ,BUY,130,12.300000190734863,1599.0000247955322,,
2024-10-17,TSLA,BUY,9,220.88999938964844,1988.009994506836,,
2024-10-18,IONQ,SELL,130,13.300000190734863,1729.0000247955322,130.0,0.08130081174740657
2024-10-18,TSLA,SELL,9,220.6999969482422,1986.2999725341797,-1.71002197265625,-0.0008601676940162737
2024-10-18,IONQ,BUY,121,13.300000190734863,1609.3000230789185,,
2024-10-21,NVDA,SELL,17,143.66880798339844,2442.3697357177734,205.8108673095703,0.09202121626069668
2024-10-21,IONQ,SELL,121,14.760000228881836,1785.9600276947021,176.6600046157837,0.1097744373841474
2024-10-21,TSLA,BUY,9,218.85000610351562,1969.6500549316406,,
2024-10-21,IONQ,BUY,118,14.760000228881836,1741.6800270080566,,
2024-10-23,GOOGL,BUY,15,162.06529235839844,2430.9793853759766,,
2024-10-24,TSLA,SELL,9,260.4800109863281,2344.320098876953,374.6700439453125,0.19022162998305603
2024-10-24,IONQ,SELL,118,15.710000038146973,1853.7800045013428,112.09997749328613,0.06436312971094753
2024-10-25,AMZN,BUY,14,187.8300018310547,2629.6200256347656,,
2024-10-30,GOOGL,SELL,15,173.69400024414062,2605.4100036621094,174.4306182861328,0.07175322807566929
2024-10-30,V,BUY,8,288.1365661621094,2305.092529296875,,
2024-10-31,GOOGL,BUY,14,170.3587188720703,2385.0220642089844,,
2024-10-31,NVDA,BUY,16,132.72195434570312,2123.55126953125,,
2024-10-31,TSLA,BUY,8,249.85000610351562,1998.800048828125,,
2024-10-31,IONQ,BUY,95,15.029999732971191,1427.8499746322632,,
2024-11-01,AMZN,SELL,14,197.92999267578125,2771.0198974609375,141.39987182617188,0.05377197863103407
2024-11-01,AMZN,BUY,8,197.92999267578125,1583.43994140625,,
2024-11-04,IONQ,SELL,95,14.369999885559082,1365.1499891281128,-62.69998550415039,-0.04391216627664157
2024-11-04,IONQ,BUY,74,14.369999885559082,1063.379991531372,,
2024-11-05,NVDA,SELL,16,139.86988830566406,2237.918212890625,114.366943359375,0.05385645498666025
2024-11-05,IONQ,SELL,74,15.350000381469727,1135.9000282287598,72.5200366973877,0.06819766901289133
2024-11-05,NVDA,BUY,12,139.86988830566406,1678.4386596679688,,
2024-11-05,IONQ,BUY,74,15.350000381469727,1135.9000282287598,,
2024-11-06,V,SELL,8,305.2563171386719,2442.050537109375,136.9580078125,0.059415405703595096
2024-11-06,TSLA,SELL,8,288.5299987792969,2308.239990234375,309.43994140625,0.15481285463629607
2024-11-06,IONQ,SELL,74,16.450000762939453,1217.3000564575195,81.40002822875977,0.07166126085557817
2024-11-06,TSLA,BUY,5,288.5299987792969,1442.6499938964844,,
2024-11-06,IONQ,BUY,72,16.450000762939453,1184.4000549316406,,
2024-11-07,GOOGL,SELL,14,179.95640563964844,2519.389678955078,134.36761474609375,0.056338101337715746
2024-11-07,AMZN,SELL,8,210.0500030517578,1680.4000244140625,96.9600830078125,0.06123382420283174
2024-11-07,NVDA,SELL,12,148.8373260498047,1786.0479125976562,107.6092529296875,0.06411271112581196
2024-11-07,IONQ,SELL,72,22.110000610351562,1591.9200439453125,407.5199890136719,0.34407292309454723
2024-11-07,IONQ,BUY,64,22.110000610351562,1415.0400390625,,
2024-11-08,TSLA,SELL,5,321.2200012207031,1606.1000061035156,163.45001220703125,0.11329845277686905
2024-11-08,IONQ,SELL,64,24.790000915527344,1586.56005859375,171.52001953125,0.1212121316686462
2024-11-08,IONQ,BUY,72,24.790000915527344,1784.8800659179688,,
2024-11-11,IONQ,SELL,72,23.520000457763672,1693.4400329589844,-91.44003295898438,-0.051230351386078433
2024-11-11,IONQ,BUY,74,23.520000457763672,1740.4800338745117,,
2024-11-12,TSLA,BUY,6,328.489990234375,1970.93994140625,,
2024-11-13,IONQ,SELL,74,26.760000228881836,1980.2400169372559,239.75998306274414,0.1377550896283541
2024-11-14,TSLA,SELL,6,311.17999267578125,1867.0799560546875,-103.8599853515625,-0.05269566219123817
2024-11-14,TSLA,BUY,6,311.17999267578125,1867.0799560546875,,
2024-11-14,IONQ,BUY,64,26.15999984741211,1674.239990234375,,
2024-11-15,IONQ,SELL,64,29.139999389648438,1864.9599609375,190.719970703125,0.11391435625452138
2024-11-15,IONQ,BUY,56,29.139999389648438,1631.8399658203125,,
2024-11-18,TSLA,SELL,6,338.739990234375,2032.43994140625,165.3599853515625,0.08856609745893444
2024-11-18,IONQ,SELL,56,25.229999542236328,1412.8799743652344,-218.95999145507812,-0.1341798191252221
2024-11-18,IONQ,BUY,57,25.229999542236328,1438.1099739074707,,
2024-11-19,IONQ,SELL,57,27.889999389648438,1589.729965209961,151.61999130249023,0.10543003946389819
2024-11-19,LLY,BUY,3,725.39111328125,2176.17333984375,,
2024-11-19,IONQ,BUY,56,27.889999389648438,1561.8399658203125,,
2024-11-21,IONQ,SELL,56,32.779998779296875,1835.679931640625,273.8399658203125,0.1753316420459799
2024-11-22,AMZN,BUY,13,197.1199951171875,2562.5599365234375,,
2024-11-22,META,BUY,4,557.387451171875,2229.5498046875,,
2024-11-25,IONQ,BUY,41,30.8799991607666,1266.0799655914307,,
2024-11-26,LLY,SELL,3,784.6267700195312,2353.8803100585938,177.70697021484375,0.08166030111719096
2024-11-26,AMZN,SELL,13,207.86000061035156,2702.1800079345703,139.6200714111328,0.05448460713880978
2024-11-26,NVDA,BUY,15,136.88075256347656,2053.2112884521484,,
2024-11-26,TSLA,BUY,5,338.2300109863281,1691.1500549316406,,
2024-11-26,LLY,BUY,2,784.6267700195312,1569.2535400390625,,
2024-11-27,AMZN,BUY,10,205.74000549316406,2057.4000549316406,,
2024-11-29,IONQ,SELL,41,36.5,1496.5,230.42003440856934,0.1819948507762162
2024-12-02,META,SELL,4,590.9718017578125,2363.88720703125,134.33740234375,0.06025315158302961
2024-12-02,TSLA,SELL,5,357.0899963378906,1785.4499816894531,94.2999267578125,0.05576082765856296
2024-12-02,TSLA,BUY,5,357.0899963378906,1785.4499816894531,,
2024-12-02,IONQ,BUY,37,32.060001373291016,1186.2200508117676,,
2024-12-03,GOOGL,BUY,13,170.5876922607422,2217.6399993896484,,
2024-12-04,NVDA,SELL,15,145.098388671875,2176.475830078125,123.26454162597656,0.060035000936947816
2024-12-04,LLY,SELL,2,824.9058837890625,1649.811767578125,80.5582275390625,0.05133538047462822
2024-12-04,AMZN,SELL,10,218.16000366210938,2181.6000366210938,124.19998168945312,0.06036744355661049
2024-12-04,AMZN,BUY,9,218.16000366210938,1963.4400329589844,,
2024-12-05,IONQ,SELL,37,35.95000076293945,1330.1500282287598,143.9299774169922,0.12133497264567092
2024-12-06,TSLA,SELL,5,389.2200012207031,1946.1000061035156,160.6500244140625,0.08997733123951757
2024-12-06,TSLA,BUY,5,389.2200012207031,1946.1000061035156,,
2024-12-10,GOOGL,SELL,13,184.56826782226562,2399.387481689453,181.7474822998047,0.08195535900769568
2024-12-10,GOOGL,BUY,14,184.56826782226562,2583.9557495117188,,
2024-12-10,IONQ,BUY,43,32.970001220703125,1417.7100524902344,,
2024-12-11,AMZN,SELL,9,230.25999450683594,2072.3399505615234,108.89991760253906,0.05546383682440376
2024-12-11,TSLA,SELL,5,424.7699890136719,2123.8499450683594,177.74993896484375,0.09133648754296803
2024-12-11,GOOGL,SELL,14,194.76502990722656,2726.710418701172,142.75466918945312,0.05524656109781639
2024-12-11,IONQ,SELL,43,29.829999923706055,1282.6899967193604,-135.02005577087402,-0.09523813105063955
2024-12-11,IONQ,BUY,42,29.829999923706055,1252.8599967956543,,
2024-12-13,IONQ,SELL,42,33.83000183105469,1420.8600769042969,168.00008010864258,0.13409325905394356
2024-12-13,IONQ,BUY,49,33.83000183105469,1657.6700897216797,,
2024-12-16,IONQ,SELL,49,41.810001373291016,2048.6900672912598,391.0199775695801,0.23588528259880212
2024-12-16,NVDA,BUY,20,131.9712371826172,2639.4247436523438,,
2024-12-18,IONQ,BUY,41,37.5,1537.5,,
2024-12-20,IONQ,SELL,41,44.41999816894531,1821.2199249267578,283.7199249267578,0.18453328450520834
2024-12-23,NVDA,SELL,20,139.6395721435547,2792.7914428710938,153.36669921875,0.05810610800235453
