portfolio_value,cash,positions_value,total_return,num_positions,num_trades
10000.0,10000.0,0.0,0.0,0,0
10000.0,10000.0,0.0,0.0,0,0
10000.0,10000.0,0.0,0.0,0,0
10000.0,10000.0,0.0,0.0,0,0
10000.0,10000.0,0.0,0.0,0,0
10000.0,10000.0,0.0,0.0,0,0
10000.0,10000.0,0.0,0.0,0,0
10000.0,10000.0,0.0,0.0,0,0
10000.0,10000.0,0.0,0.0,0,0
10000.0,10000.0,0.0,0.0,0,0
10000.0,10000.0,0.0,0.0,0,0
10000.0,10000.0,0.0,0.0,0,0
10000.0,10000.0,0.0,0.0,0,0
10000.0,10000.0,0.0,0.0,0,0
10000.0,10000.0,0.0,0.0,0,0
10000.0,10000.0,0.0,0.0,0,0
10000.0,10000.0,0.0,0.0,0,0
10000.0,10000.0,0.0,0.0,0,0
10000.0,10000.0,0.0,0.0,0,0
10000.0,10000.0,0.0,0.0,0,0
10000.0,10000.0,0.0,0.0,0,0
10000.0,9353.175842285156,646.8241577148438,0.0,1,1
10016.390625,8689.961059570312,1326.4295654296875,0.0016390625,1,2
10010.835693359375,8689.961059570312,1320.8746337890625,0.0010835693359375,1,2
10018.737670898438,8689.961059570312,1328.776611328125,0.00187376708984375,1,2
10022.84521484375,8689.961059570312,1332.8841552734375,0.002284521484375,1,2
10026.991577148438,8689.961059570312,1337.030517578125,0.00269915771484375,1,2
10040.018310546875,8689.961059570312,1350.0572509765625,0.0040018310546875,1,2
10060.6728515625,8689.961059570312,1370.7117919921875,0.00606728515625,1,2
10053.962158203125,8689.961059570312,1364.0010986328125,0.0053962158203125,1,2
10004.709594726562,8689.961059570312,1314.74853515625,0.00047095947265625,1,2
9969.624389648438,8050.12939453125,1919.4949951171875,-0.00303756103515625,1,3
9983.340454101562,8050.12939453125,1933.2110595703125,-0.00166595458984375,1,3
9978.101257324219,8050.12939453125,1927.9718627929688,-0.002189874267578125,1,3
9987.284729003906,7402.27587890625,2585.0088500976562,-0.001271527099609375,2,4
9981.428146362305,7402.27587890625,2579.1522674560547,-0.0018571853637695313,2,4
9942.162094116211,6755.806411743164,3186.355682373047,-0.005783790588378906,2,5
9917.321731567383,6134.518081665039,3782.8036499023438,-0.008267826843261718,2,6
9872.522171020508,5829.172012329102,4043.3501586914062,-0.01274778289794922,2,7
9889.266799926758,5829.172012329102,4060.0947875976562,-0.011073320007324219,2,7
9901.159225463867,5829.172012329102,4071.9872131347656,-0.00988407745361328,2,7
9958.743148803711,5829.172012329102,4129.571136474609,-0.004125685119628906,2,7
9980.971969604492,5829.172012329102,4151.799957275391,-0.0019028030395507813,2,7
9886.334182739258,5829.172012329102,4057.1621704101562,-0.011366581726074219,2,7
9897.428359985352,5829.172012329102,4068.25634765625,-0.010257164001464843,2,7
9922.648300170898,5829.172012329102,4093.476287841797,-0.007735169982910156,2,7
9883.698837280273,5520.097610473633,4363.601226806641,-0.011630116271972656,2,8
9966.77653503418,5520.097610473633,4446.678924560547,-0.0033223464965820315,2,8
10016.764846801758,5520.097610473633,4496.667236328125,0.0016764846801757812,2,8
10026.826217651367,4614.542617797852,5412.283599853516,0.002682621765136719,4,10
10070.244094848633,5248.732803344727,4821.511291503906,0.007024409484863281,3,13
10064.778060913086,4400.676452636719,5664.101608276367,0.0064778060913085935,4,15
10128.843887329102,5177.916366577148,4950.927520751953,0.012884388732910156,3,16
10135.144515991211,4686.046378135681,5449.09813785553,0.013514451599121093,4,17
10095.925544261932,4686.046378135681,5409.879166126251,0.009592554426193237,4,17
10155.403147697449,4686.046378135681,5469.356769561768,0.015540314769744873,4,17
10187.994993209839,4686.046378135681,5501.948615074158,0.018799499320983886,4,17
10195.457168579102,4819.546371459961,5375.910797119141,0.019545716857910157,4,19
10207.132400512695,4819.546371459961,5387.586029052734,0.02071324005126953,4,19
10225.821060180664,4431.786361694336,5794.034698486328,0.022582106018066407,4,20
10278.125076293945,4431.786361694336,5846.338714599609,0.02781250762939453,4,20
10380.036422729492,5261.626388549805,5118.4100341796875,0.038003642272949216,3,21
10474.947952270508,10051.418838500977,423.52911376953125,0.04749479522705078,1,23
10478.227676391602,10051.418838500977,426.808837890625,0.04782276763916016,1,23
10471.787368774414,10051.418838500977,420.3685302734375,0.0471787368774414,1,23
10480.970809936523,10051.418838500977,429.5519714355469,0.04809708099365234,1,23
10478.287307739258,10051.418838500977,426.86846923828125,0.047828730773925784,1,23
10476.498397827148,10476.498397827148,0.0,0.047649839782714844,0,24
10476.498397827148,10476.498397827148,0.0,0.047649839782714844,0,24
10476.498397827148,10476.498397827148,0.0,0.047649839782714844,0,24
10476.498397827148,10476.498397827148,0.0,0.047649839782714844,0,24
10476.498397827148,9551.838417053223,924.6599807739258,0.047649839782714844,1,25
10472.538444519043,9551.838417053223,920.7000274658203,0.047253844451904295,1,25
10490.538444519043,8717.43839263916,1773.1000518798828,0.0490538444519043,1,26
10482.208351135254,7902.48836517334,2579.719985961914,0.048220835113525394,2,27
10546.208358764648,8895.408340454102,1650.8000183105469,0.054620835876464845,1,29
10520.90837097168,7397.291763305664,3123.6166076660156,0.05209083709716797,2,31
10483.374267578125,6856.957290649414,3626.416976928711,0.0483374267578125,3,32
10414.473114013672,6821.430801391602,3593.0423126220703,0.04144731140136719,2,34
10539.365463256836,5797.3299560546875,4742.035507202148,0.05393654632568359,4,36
10632.515121459961,4424.839218139648,6207.6759033203125,0.0632515121459961,5,39
10586.005569458008,4886.167190551758,5699.83837890625,0.05860055694580078,5,41
10524.61028289795,4739.868482589722,5784.7418003082275,0.052461028289794924,5,43
10519.108713150024,4739.868482589722,5779.240230560303,0.05191087131500244,5,43
10521.836528778076,4412.400556564331,6109.435972213745,0.052183652877807615,6,44
10768.407245635986,4325.368793487549,6443.0384521484375,0.07684072456359864,5,46
10832.5051612854,5257.47798538208,5575.02717590332,0.08325051612854004,4,47
10788.847240447998,5257.47798538208,5531.369255065918,0.0788847240447998,4,47
10811.560474395752,6474.335163116455,4337.225311279297,0.08115604743957519,2,49
10879.754779815674,6474.335163116455,4405.419616699219,0.08797547798156738,2,49
10803.67412185669,5864.7351722717285,4938.938949584961,0.08036741218566895,3,50
10874.775821685791,6569.375186920166,4305.400634765625,0.08747758216857911,2,51
10866.499744415283,5956.377445220947,4910.122299194336,0.08664997444152832,3,52
11036.927967071533,6589.624408721924,4447.303558349609,0.10369279670715333,2,53
11099.169422149658,4807.012226104736,6292.157196044922,0.10991694221496583,5,57
11156.667209625244,4807.012226104736,6349.654983520508,0.11566672096252441,5,57
11313.83360671997,8912.374988555908,2401.4586181640625,0.13138336067199707,3,59
11258.750736236572,8249.805332183838,3008.9454040527344,0.1258750736236572,3,60
11239.360538482666,7109.274257659912,4130.086280822754,0.1239360538482666,3,63
11454.066478729248,7784.822759628296,3669.243719100952,0.14540664787292482,2,66
11531.454610824585,8654.822759628296,2876.631851196289,0.1531454610824585,1,67
11488.37167930603,7841.562776565552,3646.8089027404785,0.14883716793060303,2,68
11465.773399353027,6059.993776321411,5405.779623031616,0.14657733993530273,4,71
11560.75528717041,6772.404298782349,4788.3509883880615,0.15607552871704103,3,72
11489.080741882324,6772.404298782349,4716.676443099976,0.14890807418823243,3,72
11506.22483253479,6239.609498977661,5266.615333557129,0.15062248325347902,4,73
11519.852890014648,6239.609498977661,5280.243391036987,0.15198528900146485,4,73
11425.321166992188,6239.609498977661,5185.711668014526,0.14253211669921875,4,73
11493.228116989136,6239.609498977661,5253.618618011475,0.14932281169891357,4,73
11497.516834259033,7020.309513092041,4477.207321166992,0.1497516834259033,3,74
11554.363101959229,7020.309513092041,4534.0535888671875,0.15543631019592286,3,74
11516.875019073486,7020.309513092041,4496.565505981445,0.15168750190734864,3,74
11525.360523223877,7020.309513092041,4505.051010131836,0.1525360523223877,3,74
11592.899326324463,7144.518070220947,4448.381256103516,0.15928993263244628,3,76
11628.433856964111,4810.15620803833,6818.277648925781,0.16284338569641113,5,81
11601.377582550049,4810.15620803833,6791.221374511719,0.16013775825500487,5,81
11594.112155914307,4810.15620803833,6783.955947875977,0.15941121559143068,5,81
11654.739353179932,4810.15620803833,6844.583145141602,0.16547393531799318,5,81
11684.070240020752,4523.195209503174,7160.875030517578,0.1684070240020752,5,82
11558.091632843018,6345.247211456299,5212.844421386719,0.15580916328430175,4,85
11623.61569595337,6022.214603424072,5601.401092529297,0.1623615695953369,4,88
11627.359226226807,6924.641056060791,4702.718170166016,0.16273592262268066,3,89
11733.909030914307,10385.128589630127,1348.7804412841797,0.17339090309143065,3,91
11756.71788406372,11421.942432403564,334.77545166015625,0.17567178840637207,1,93
11754.211078643799,11421.942432403564,332.2686462402344,0.1754211078643799,1,93
11754.368366241455,11421.942432403564,332.4259338378906,0.1754368366241455,1,93
11757.435596466064,10551.33946609497,1206.0961303710938,0.17574355964660646,2,94
11749.100940704346,10551.33946609497,1197.761474609375,0.17491009407043456,2,94
11754.44658279419,10551.33946609497,1203.1071166992188,0.17544465827941894,2,94
11767.568775177002,10551.33946609497,1216.2293090820312,0.1767568775177002,2,94
11805.16548538208,11473.673480987549,331.49200439453125,0.180516548538208,1,95
11810.533100128174,11473.673480987549,336.859619140625,0.18105331001281738,1,95
11813.069385528564,10477.186359405518,1335.8830261230469,0.18130693855285646,2,96
11807.433368682861,9797.43111038208,2010.0022583007812,0.18074333686828614,2,97
11840.943347930908,10857.645191192627,983.2981567382812,0.1840943347930908,1,98
11827.198108673096,9080.750232696533,2746.4478759765625,0.18271981086730957,3,100
11762.571994781494,9080.750232696533,2681.821762084961,0.1762571994781494,3,100
11763.44250869751,8472.846668243408,3290.5958404541016,0.17634425086975097,4,103
11768.93858718872,8021.023578643799,3747.915008544922,0.17689385871887206,5,104
11806.336582183838,6724.0816078186035,5082.254974365234,0.18063365821838379,6,106
11779.498096466064,6772.522830963135,5006.97526550293,0.17794980964660645,6,108
11782.496097564697,6152.92248916626,5629.5736083984375,0.17824960975646972,6,109
11924.40831375122,7446.865726470947,4477.542587280273,0.19244083137512208,5,110
11922.37431716919,6813.569766998291,5108.804550170898,0.19223743171691896,6,111
11910.228672027588,6813.569766998291,5096.658905029297,0.1910228672027588,6,111
11779.545063018799,6813.569766998291,4965.975296020508,0.1779545063018799,6,111
11770.926502227783,6813.569766998291,4957.356735229492,0.17709265022277831,6,111
11792.629779815674,7111.04487991333,4681.584899902344,0.17926297798156737,5,113
11807.783298492432,6580.415943145752,5227.36735534668,0.18077832984924316,5,114
11845.729221343994,6560.055011749268,5285.674209594727,0.1845729221343994,4,116
11751.475757598877,6031.384204864502,5720.091552734375,0.1751475757598877,4,117
11748.265369415283,6031.384204864502,5716.881164550781,0.17482653694152833,4,117
11702.93599319458,5459.798252105713,6243.137741088867,0.170293599319458,4,118
11850.475605010986,5459.798252105713,6390.677352905273,0.18504756050109863,4,118
11805.990756988525,5459.798252105713,6346.1925048828125,0.18059907569885253,4,118
11757.450374603271,5008.598239898682,6748.85213470459,0.17574503746032716,5,119
11664.441577911377,4570.158237457275,7094.283340454102,0.1664441577911377,5,120
11651.00802230835,4139.178226470947,7511.829795837402,0.16510080223083495,5,121
11927.6008644104,3763.694522857666,8163.906341552734,0.19276008644104003,5,122
11905.653865814209,3444.2331924438477,8461.420673370361,0.1905653865814209,5,123
12095.156185150146,3161.7269744873047,8933.429210662842,0.20951561851501466,5,124
11934.430206298828,2878.938980102539,9055.491226196289,0.1934430206298828,5,125
11962.851222991943,3841.546604156494,8121.304618835449,0.19628512229919434,5,128
12056.87682723999,4081.784885406494,7975.091941833496,0.205687682723999,4,129
12285.511875152588,6606.366962432861,5679.144912719727,0.2285511875152588,4,131
12366.73226928711,6606.366962432861,5760.365306854248,0.23667322692871093,4,131
12370.887954711914,6606.366962432861,5764.520992279053,0.2370887954711914,4,131
12415.615814208984,9702.645050048828,2712.9707641601562,0.24156158142089842,3,134
12437.279296875,9702.645050048828,2734.634246826172,0.2437279296875,3,134
12421.231262207031,9702.645050048828,2718.586212158203,0.24212312622070312,3,134
12423.473663330078,8875.545013427734,3547.9286499023438,0.24234736633300782,3,135
12443.664031982422,8875.545013427734,3568.1190185546875,0.24436640319824218,3,135
12535.78775024414,11924.436492919922,611.3512573242188,0.25357877502441406,1,137
12524.059967041016,10804.456523895264,1719.603443145752,0.2524059967041016,2,138
12494.858390808105,10804.456523895264,1690.4018669128418,0.24948583908081054,2,138
12469.816802978516,11424.076763153076,1045.7400398254395,0.24698168029785156,1,139
12414.716758728027,8586.650691986084,3828.0660667419434,0.24147167587280274,4,142
12382.115970611572,8586.650691986084,3795.4652786254883,0.23821159706115722,4,142
12351.329992294312,8586.650691986084,3764.6793003082275,0.23513299922943115,4,142
12229.284345626831,7784.582431793213,4444.701913833618,0.2229284345626831,5,143
12064.449300765991,5427.218105316162,6637.231195449829,0.20644493007659911,7,147
12063.598234176636,4651.6801109313965,7411.918123245239,0.20635982341766357,7,149
12124.015628814697,4421.757595062256,7702.258033752441,0.21240156288146972,7,150
11960.90299987793,3252.95658493042,8707.94641494751,0.19609029998779298,7,154
12058.09846496582,3026.837200164795,9031.261264801025,0.20580984649658204,7,155
12183.270711898804,3919.4572200775146,8263.813491821289,0.21832707118988037,6,156
12197.646451950073,3919.4572200775146,8278.189231872559,0.21976464519500732,6,156
12352.158979415894,3614.517065048218,8737.641914367676,0.23521589794158937,7,157
12166.300550460815,3614.517065048218,8551.783485412598,0.21663005504608154,7,157
12292.323308944702,3614.517065048218,8677.806243896484,0.2292323308944702,7,157
12322.904920578003,3354.467077255249,8968.437843322754,0.23229049205780028,8,158
12478.602437973022,3394.689214706421,9083.913223266602,0.24786024379730226,7,160
12489.899312973022,3394.689214706421,9095.210098266602,0.24898993129730224,7,160
12528.955533981323,3394.689214706421,9134.266319274902,0.2528955533981323,7,160
12640.71642112732,3394.689214706421,9246.027206420898,0.26407164211273193,7,160
12637.018194198608,3394.689214706421,9242.328979492188,0.2637018194198608,7,160
12508.204122543335,3394.689214706421,9113.514907836914,0.2508204122543335,7,160
12624.292798995972,3394.689214706421,9229.60358428955,0.2624292798995972,7,160
12541.456373214722,3394.689214706421,9146.7671585083,0.25414563732147216,7,160
12364.50491142273,4828.508192062378,7535.996719360352,0.23645049114227296,6,161
12320.20965385437,4388.288190841675,7931.921463012695,0.232020965385437,6,162
12191.61752128601,4525.696649551392,7665.920871734619,0.21916175212860106,6,165
12220.396513938904,5746.816614151001,6473.579899787903,0.22203965139389037,5,167
12244.982872009277,4826.779119491577,7418.2037525177,0.22449828720092774,5,169
12024.140274047852,3732.1179809570312,8292.02229309082,0.20241402740478515,5,172
11759.023971557617,3582.7872676849365,8176.236703872681,0.17590239715576172,7,179
11833.525233268738,3340.1209621429443,8493.404271125793,0.18335252332687377,7,180
11775.83546257019,3074.70094871521,8701.13451385498,0.17758354625701905,7,181
11818.787516593933,3074.70094871521,8744.086567878723,0.18187875165939332,7,181
12073.663910865784,5198.162801742554,6875.50110912323,0.20736639108657837,6,184
12354.19162273407,7074.781283378601,5279.410339355469,0.23541916227340698,4,187
12404.863535881042,6445.082438468933,5959.781097412109,0.24048635358810425,4,188
12450.29099559784,7666.107356071472,4784.183639526367,0.24502909955978394,4,190
12483.36129283905,7074.704218864441,5408.657073974609,0.24833612928390503,5,191
12538.861994743347,8615.965754508972,3922.896240234375,0.2538861994743347,3,193
12502.767725944519,8033.050166130066,4469.717559814453,0.2502767725944519,4,194
12585.360224723816,8772.390681266785,3812.9695434570312,0.2585360224723816,3,195
12589.63994884491,8168.389155387878,4421.250793457031,0.25896399488449096,3,196
12628.644190788269,7771.177134513855,4857.467056274414,0.2628644190788269,3,198
12609.951075553894,7036.250147819519,5573.700927734375,0.2609951075553894,3,199
12663.563166618347,7036.250147819519,5627.313018798828,0.26635631666183474,3,199
12639.87920665741,7036.250147819519,5603.629058837891,0.26398792066574095,3,199
12674.480189323425,6663.659022331238,6010.8211669921875,0.26744801893234255,4,200
12689.409907341003,6663.659022331238,6025.750885009766,0.2689409907341003,4,200
12741.085505485535,6030.724051475525,6710.36145401001,0.2741085505485535,5,201
12704.43640422821,6030.724051475525,6673.712352752686,0.27044364042282104,5,201
12685.687586784363,6030.724051475525,6654.963535308838,0.26856875867843627,5,201
12694.544756889343,6030.724051475525,6663.820705413818,0.2694544756889343,5,201
12654.757391929626,6030.724051475525,6624.033340454102,0.26547573919296263,5,201
12596.162573814392,6404.766318321228,6191.396255493164,0.25961625738143923,4,202
12566.269930839539,9285.815634727478,3280.4542961120605,0.25662699308395387,3,203
12541.29632472992,9285.815634727478,3255.4806900024414,0.2541296324729919,3,203
12560.955485343933,9285.815634727478,3275.139850616455,0.2560955485343933,3,203
12547.42024898529,10792.281363487244,1755.1388854980469,0.25474202489852904,2,204
12559.686297416687,9840.337119102478,2719.349178314209,0.2559686297416687,3,205
12577.341258049011,9840.337119102478,2737.004138946533,0.2577341258049011,3,205
12526.42859172821,9840.337119102478,2686.0914726257324,0.25264285917282103,3,205
12535.88122844696,9840.337119102478,2695.5441093444824,0.25358812284469606,3,205
12566.993140220642,8913.66709804535,3653.326042175293,0.2566993140220642,4,206
12610.718434333801,8643.087887763977,3967.630546569824,0.26107184343338014,4,209
12626.970326423645,5895.772603034973,6731.197723388672,0.2626970326423645,6,213
12729.34181690216,5356.293477058411,7373.04833984375,0.27293418169021605,6,214
12742.367146492004,6320.455708503723,6421.911437988281,0.27423671464920046,5,217
12670.222767829895,5770.886189460754,6899.336578369141,0.2670222767829895,5,218
12743.443974494934,7862.758366584778,4880.685607910156,0.2743443974494934,4,219
12732.466710090637,7862.758366584778,4869.708343505859,0.27324667100906375,4,219
12747.73848438263,7862.758366584778,4884.980117797852,0.2747738484382629,4,219
12792.804539680481,7862.758366584778,4930.046173095703,0.27928045396804807,4,219
12798.42711353302,7862.758366584778,4935.668746948242,0.279842711353302,4,219
12808.006581306458,7862.758366584778,4945.24821472168,0.28080065813064575,4,219
12793.643727302551,7126.43231678009,5667.211410522461,0.2793643727302551,5,220
12869.812336921692,9018.50557422638,3851.3067626953125,0.2869812336921692,4,222
12863.543110847473,8296.974263191223,4566.56884765625,0.2863543110847473,4,223
12886.119908332825,7578.338398933411,5307.781509399414,0.2886119908332825,4,224
13058.921376228333,9559.135655403137,3499.7857208251953,0.30589213762283324,2,226
13054.84573841095,9559.135655403137,3495.7100830078125,0.30548457384109495,2,226
13084.244297981262,9467.00848865509,3617.235809326172,0.30842442979812623,2,228
13074.127995491028,8785.348484992981,4288.779510498047,0.3074127995491028,3,229
13057.442875862122,7355.578511238098,5701.864364624023,0.30574428758621214,4,231
13021.248188972473,7355.578511238098,5665.669677734375,0.3021248188972473,4,231
12967.629536628723,7355.578511238098,5612.051025390625,0.2967629536628723,4,231
13055.037724494934,7355.578511238098,5699.459213256836,0.3055037724494934,4,231
13126.959797859192,7036.6271867752075,6090.332611083984,0.3126959797859192,3,234
13143.167469978333,7036.6271867752075,6106.540283203125,0.31431674699783324,3,234
13179.392369270325,7036.6271867752075,6142.765182495117,0.31793923692703246,3,234
13167.04543018341,7036.6271867752075,6130.418243408203,0.31670454301834106,3,234
13017.874897956848,6488.73717212677,6529.137725830078,0.3017874897956848,3,235
13004.549580574036,5409.87682056427,7594.672760009766,0.3004549580574036,4,237
13114.949559211731,5409.87682056427,7705.072738647461,0.3114949559211731,4,237
13043.558888435364,5409.87682056427,7633.682067871094,0.30435588884353637,4,237
12885.106511116028,6590.566117286682,6294.540393829346,0.2885106511116028,6,241
12973.018019676208,6372.6111307144165,6600.406888961792,0.29730180196762085,6,244
13208.65205860138,8906.410843849182,4302.241214752197,0.32086520586013795,4,246
13085.495574951172,8906.410843849182,4179.08473110199,0.3085495574951172,4,246
13174.180000305176,9706.972428321838,3467.2075719833374,0.31741800003051757,3,247
13207.123509407043,8889.510758399963,4317.61275100708,0.3207123509407043,4,248
13257.718569755554,8131.270768165588,5126.447801589966,0.32577185697555544,4,249
13353.2993516922,9508.459244728088,3844.8401069641113,0.33532993516922,2,251
13297.079315185547,9508.459244728088,3788.6200704574585,0.3297079315185547,2,251
13158.959310531616,9508.459244728088,3650.500065803528,0.3158959310531616,2,251
13260.12937259674,9508.459244728088,3751.6701278686523,0.32601293725967406,2,251
13453.329211235046,9508.459244728088,3944.869966506958,0.34533292112350467,2,251
13432.599175453186,9508.459244728088,3924.1399307250977,0.3432599175453186,2,251
13320.159149169922,9508.459244728088,3811.6999044418335,0.33201591491699217,2,251
13336.989320755005,9508.459244728088,3828.5300760269165,0.3336989320755005,2,251
13403.349287986755,9508.459244728088,3894.890043258667,0.34033492879867555,2,251
13293.529238700867,8080.827805519104,5212.701433181763,0.3293529238700867,4,253
13456.050795555115,7959.856507301331,5496.194288253784,0.34560507955551145,4,255
13485.64704990387,8825.133584022522,4660.513465881348,0.34856470499038694,3,256
13489.42264842987,8012.458596229553,5476.964052200317,0.34894226484298707,3,257
13449.285879135132,7294.613503456116,6154.672375679016,0.34492858791351316,4,258
13462.79650592804,7294.613503456116,6168.183002471924,0.34627965059280397,4,258
13133.092183113098,6919.342488288879,6213.749694824219,0.3133092183113098,3,261
12969.950337409973,5803.571365356445,7166.378972053528,0.29699503374099734,4,263
12909.651735305786,8124.468704223633,4785.183031082153,0.2909651735305786,3,265
13016.196828842163,7453.288589477539,5562.908239364624,0.3016196828842163,3,266
13054.891711235046,6115.592619895935,6939.299091339111,0.30548917112350465,4,268
12982.14850139618,7329.55261516571,5652.595886230469,0.2982148501396179,3,269
13051.704760551453,6767.840517997742,6283.864242553711,0.30517047605514525,4,270
13029.694277763367,6767.840517997742,6261.853759765625,0.3029694277763367,4,270
13089.53863811493,6280.340517997742,6809.1981201171875,0.3089538638114929,5,271
13050.209475517273,5427.893496513367,7622.315979003906,0.3050209475517273,6,276
13206.549731254578,7627.919894218445,5578.629837036133,0.32065497312545777,5,277
13259.68332195282,7059.421847343445,6200.261474609375,0.325968332195282,5,278
13341.958041191101,8490.212862968445,4851.745178222656,0.3341958041191101,4,279
13192.573367118835,8914.850710868835,4277.72265625,0.31925733671188355,3,280
13206.113421440125,8914.850710868835,4291.262710571289,0.32061134214401243,3,280
13184.797762870789,8914.850710868835,4269.947052001953,0.31847977628707885,3,280
13174.460406303406,8914.850710868835,4259.60969543457,0.3174460406303406,3,280
13255.486926078796,8914.850710868835,4340.636215209961,0.32554869260787966,3,280
13208.127795219421,8914.850710868835,4293.277084350586,0.32081277952194215,3,280
13178.804781913757,8914.850710868835,4263.954071044922,0.3178804781913757,3,280
13128.844424247742,8914.850710868835,4213.993713378906,0.31288444242477415,3,280
13153.61871623993,8185.210696220398,4968.408020019531,0.31536187162399293,3,281
13130.867358207703,7676.882266044617,5453.985092163086,0.3130867358207703,4,282
13174.085604667664,8487.467440605164,4686.6181640625,0.31740856046676635,2,285
13216.286654472351,8487.467440605164,4728.8192138671875,0.3216286654472351,2,285
13271.712801933289,7689.467476844788,5582.245325088501,0.32717128019332886,3,286
13155.222237586975,6961.467476844788,6193.7547607421875,0.3155222237586975,3,287
13366.74702167511,6961.467476844788,6405.279544830322,0.336674702167511,3,287
13329.27203655243,6961.467476844788,6367.804559707642,0.3329272036552429,3,287
13083.061981201172,5236.682644844055,7846.379336357117,0.30830619812011717,4,290
12962.452625274658,7122.002652168274,5840.449973106384,0.2962452625274658,3,291
12875.78091430664,6500.202664375305,6375.578249931335,0.28757809143066404,4,292
12855.24576473236,5650.598202705383,7204.6475620269775,0.2855245764732361,5,294
12714.098286628723,6165.418774604797,6548.679512023926,0.27140982866287233,6,299
12813.05037021637,5342.727871894836,7470.322498321533,0.28130503702163695,6,301
13038.753992080688,5342.727871894836,7696.026120185852,0.30387539920806883,6,301
13313.586062431335,7458.327822685242,5855.258239746094,0.33135860624313357,5,302
13401.827624320984,6004.818881034851,7397.008743286133,0.3401827624320984,7,305
13545.069605827332,6246.866030693054,7298.203575134277,0.3545069605827332,6,307
13864.608172416687,8038.104846000671,5826.503326416016,0.3864608172416687,6,310
13740.946635246277,7065.598101615906,6675.348533630371,0.37409466352462767,5,314
13772.239031791687,7683.348162651062,6088.890869140625,0.3772239031791687,5,316
13831.320666313171,6996.162920951843,6835.157745361328,0.38313206663131716,6,317
13976.092455863953,7165.822878837585,6810.269577026367,0.39760924558639527,5,319
14103.916125297546,6116.520597457886,7987.395527839661,0.41039161252975465,6,321
14061.230946540833,6116.520597457886,7944.710349082947,0.40612309465408325,6,321
14088.514773368835,6116.520597457886,7971.99417591095,0.40885147733688354,6,321
14157.274716377258,6116.520597457886,8040.754118919373,0.41572747163772583,6,321
14131.807459831238,6949.651578903198,7182.15588092804,0.41318074598312376,5,322
14091.38237953186,6396.901700973511,7694.48067855835,0.40913823795318605,6,323
14161.186318397522,5847.416227340698,8313.770091056824,0.4161186318397522,6,324
14248.77247428894,7480.734861373901,6768.037612915039,0.42487724742889404,5,327
14167.92820262909,7480.734861373901,6687.193341255188,0.4167928202629089,5,327
14186.422213554382,7480.734861373901,6705.687352180481,0.4186422213554382,5,327
14161.630818367004,7480.734861373901,6680.895956993103,0.4161630818367004,5,327
14100.356401443481,7480.734861373901,6619.62154006958,0.4100356401443481,5,327
14114.372421264648,8074.1348876953125,6040.237533569336,0.4114372421264648,4,328
14067.073822021484,10221.854232788086,3845.2195892333984,0.4067073822021484,2,330
14113.281356811523,10221.854232788086,3891.4271240234375,0.41132813568115234,2,330
14135.446914672852,10221.854232788086,3913.5926818847656,0.4135446914672852,2,330
14111.889587402344,10221.854232788086,3890.035354614258,0.41118895874023437,2,330
14053.097946166992,10221.854232788086,3831.2437133789062,0.4053097946166992,2,330
14020.542282104492,8526.676132202148,5493.866149902344,0.4020542282104492,3,332
14104.187911987305,7717.55611038208,6386.631801605225,0.4104187911987305,4,333
14112.23620223999,6985.106106758118,7127.130095481873,0.411223620223999,4,334
14258.147019863129,8371.089856147766,5887.057163715363,0.4258147019863129,4,336
14299.101576805115,8127.483319282532,6171.618257522583,0.4299101576805115,4,338
14311.30397939682,6987.329327583313,7323.974651813507,0.431130397939682,5,340
14428.222204208374,7563.338757514954,6864.88344669342,0.4428222204208374,4,341
14361.5146484375,7134.655560493469,7226.859087944031,0.43615146484375,5,342
14367.810945510864,8375.334393501282,5992.4765520095825,0.43678109455108644,3,344
14277.797206878662,7645.454388618469,6632.342818260193,0.42777972068786624,4,345
14249.900987625122,6933.4144105911255,7316.486577033997,0.4249900987625122,4,346
14311.582060337067,6933.4144105911255,7378.167649745941,0.4311582060337067,4,346
14203.934215545654,6277.304407119751,7926.629808425903,0.42039342155456544,4,347
14115.803577423096,5184.625558853149,8931.178018569946,0.41158035774230955,5,349
14163.881017684937,3330.746467590332,10833.134550094604,0.41638810176849367,7,354
14095.318197250366,3056.9223709106445,11038.395826339722,0.4095318197250366,7,355
14086.566066741943,3143.1441650390625,10943.42190170288,0.40865660667419434,6,357
14375.492347240448,8779.914138793945,5595.578208446503,0.4375492347240448,4,359
14530.367426395416,9836.71858215332,4693.648844242096,0.45303674263954163,3,360
14487.92491388321,7503.034524440765,6984.890389442444,0.44879249138832095,5,363
14414.033113002777,7509.191201686859,6904.841911315918,0.4414033113002777,4,365
14613.239849567413,7750.7757658958435,6862.46408367157,0.4613239849567413,4,367
14640.51317358017,8411.581887722015,6228.931285858154,0.46405131735801697,3,368
14795.066483974457,8411.581887722015,6383.484596252441,0.47950664839744567,3,368
14921.532033443451,8411.581887722015,6509.950145721436,0.4921532033443451,3,368
15060.505239963531,8411.581887722015,6648.923352241516,0.5060505239963532,3,368
15355.284541606903,13329.481776714325,2025.8027648925781,0.5355284541606903,2,369
15341.165523052216,12124.33178281784,3216.833740234375,0.5341165523052216,3,370
15394.99421262741,12124.33178281784,3270.6624298095703,0.5394994212627411,3,370
15433.56501340866,12124.33178281784,3309.2332305908203,0.5433565013408661,3,370
15453.522914409637,12124.33178281784,3329.191131591797,0.5453522914409638,3,370
15427.792872905731,11204.12591123581,4223.666961669922,0.5427792872905731,4,371
15434.819713115692,10362.844111919403,5071.975601196289,0.5434819713115692,5,372
15369.863475322723,10362.844111919403,5007.01936340332,0.5369863475322724,5,372
15480.125712871552,10362.844111919403,5117.281600952148,0.5480125712871552,5,372
15453.784083843231,10362.844111919403,5090.939971923828,0.5453784083843232,5,372
15150.021586894989,10166.100886821747,4983.920700073242,0.515002158689499,5,375
15059.516810894012,7216.806529521942,7842.71028137207,0.5059516810894013,7,379
15113.369105815887,6552.620799541473,8560.748306274414,0.5113369105815887,7,380
15214.436320781708,6552.620799541473,8661.815521240234,0.5214436320781708,7,380
15084.273791790009,5615.150439739227,9469.123352050781,0.5084273791790008,7,382
15323.390399456024,5200.664844036102,10122.725555419922,0.5323390399456024,7,383
15208.262759685516,5200.664844036102,10007.597915649414,0.5208262759685517,7,383
14976.62451505661,4864.8648562431335,10111.759658813477,0.497662451505661,8,384
14567.684985637665,2642.4663376808167,11925.218647956848,0.4567684985637665,10,391
14739.701912403107,2629.0101914405823,12110.691720962524,0.47397019124031065,9,395
14571.542427539825,2629.0101914405823,11942.532236099243,0.45715424275398253,9,395
14943.227281093597,2629.0101914405823,12314.217089653015,0.49432272810935973,9,395
15078.029938220978,2629.0101914405823,12449.019746780396,0.5078029938220978,9,395
15086.170730113983,2629.0101914405823,12457.1605386734,0.5086170730113984,9,395
15444.020001888275,3681.7723984718323,11762.247603416443,0.5444020001888276,8,396
15418.308333873749,4384.39840555191,11033.909928321838,0.5418308333873749,7,398
15675.342112064362,4384.39840555191,11290.943706512451,0.5675342112064362,7,398
15717.509320735931,4384.39840555191,11333.110915184021,0.5717509320735932,7,398
15930.969685077667,5888.232847690582,10042.736837387085,0.5930969685077667,6,400
15955.00394487381,5888.232847690582,10066.771097183228,0.595500394487381,6,400
15973.875169277191,5888.232847690582,10085.642321586609,0.5973875169277191,6,400
15723.469962596893,5888.232847690582,9835.237114906311,0.5723469962596893,6,400
15858.046795368195,5888.232847690582,9969.813947677612,0.5858046795368195,6,400
15783.204905033112,5888.232847690582,9894.97205734253,0.5783204905033111,6,400
15710.791974544525,5888.232847690582,9822.559126853943,0.5710791974544526,6,400
15597.381098270416,5888.232847690582,9709.148250579834,0.5597381098270416,6,400
15636.3032412529,7538.472837924957,8097.830403327942,0.5636303241252899,5,401
15728.223650455475,7538.472837924957,8189.750812530518,0.5728223650455475,5,401
15509.952370166779,6912.6269516944885,8597.32541847229,0.5509952370166779,5,402
15466.519144535065,11353.044672489166,4113.474472045898,0.5466519144535065,2,405
15485.269815921783,11353.044672489166,4132.225143432617,0.5485269815921784,2,405
15399.648478031158,13192.174295902252,2207.4741821289062,0.5399648478031158,2,407
15401.68801355362,12007.71763086319,3393.9703826904297,0.5401688013553619,2,408
15421.5916390419,10971.666574954987,4449.925064086914,0.5421591639041901,2,409
15506.177973270416,10971.666574954987,4534.51139831543,0.5506177973270416,2,409
15602.925852298737,11906.666574954987,3696.25927734375,0.5602925852298737,1,410
15669.114450931549,10835.073931217194,4834.0405197143555,0.5669114450931549,2,411
15662.576853275299,9442.193804264069,6220.3830490112305,0.56625768532753,4,413
15686.878962039948,9442.193804264069,6244.685157775879,0.5686878962039947,4,413
15695.76506280899,9442.193804264069,6253.571258544922,0.5695765062808991,4,413
15845.580606937408,9149.788805484772,6695.791801452637,0.5845580606937408,4,415
15859.3348031044,6246.58548116684,9612.749321937561,0.58593348031044,7,420
15815.713016033173,7679.67157125473,8136.041444778442,0.5815713016033173,6,421
15878.59724855423,7679.67157125473,8198.9256772995,0.5878597248554229,6,421
15833.025418758392,7679.67157125473,8153.353847503662,0.5833025418758392,6,421
15907.66192483902,7679.67157125473,8227.99035358429,0.5907661924839019,6,421
16032.455833911896,8446.761574268341,7585.694259643555,0.6032455833911896,5,422
16111.860260486603,9117.546179294586,6994.314081192017,0.6111860260486602,5,424
16023.882790088654,8251.526171207428,7772.356618881226,0.6023882790088654,5,425
16230.333869457245,10229.526130199432,6000.8077392578125,0.6230333869457245,4,426
16257.337905406952,10229.526130199432,6027.8117752075195,0.6257337905406952,4,426
16317.809287548065,10229.526130199432,6088.283157348633,0.6317809287548065,4,426
16221.910644054413,9416.549506664276,6805.361137390137,0.6221910644054413,4,427
16323.034186840057,10612.21659040451,5710.817596435547,0.6323034186840057,3,428
16278.358420848846,9699.456946849823,6578.901473999023,0.6278358420848846,4,429
16274.249946117401,8787.541053295135,7486.708892822266,0.6274249946117401,5,430
16325.182868480682,8134.141044139862,8191.04182434082,0.6325182868480682,6,431
16387.318091869354,7477.198173046112,8910.119918823242,0.6387318091869354,6,432
16395.83150434494,8408.265006542206,7987.566497802734,0.639583150434494,5,433
16385.623221874237,7837.235099315643,8548.388122558594,0.6385623221874237,6,434
16332.238044261932,8413.96495771408,7918.273086547852,0.6332238044261932,5,435
16354.839774608612,8413.96495771408,7940.874816894531,0.6354839774608612,5,435
16357.746116161346,7657.684928417206,8700.06118774414,0.6357746116161347,5,436
16418.336280345917,7233.360526561737,9184.97575378418,0.6418336280345917,5,437
16287.247779369354,8129.755301952362,8157.492477416992,0.6287247779369354,4,438
16438.27114057541,8911.195334911346,7527.0758056640625,0.6438271140575409,3,439
16533.085608959198,8911.195334911346,7621.890274047852,0.6533085608959198,3,439
16571.234107494354,8081.255378246307,8489.978729248047,0.6571234107494355,3,440
16706.844977855682,14035.224952220917,2671.6200256347656,0.6706844977855683,1,443
16733.444892406464,12272.684882640839,4460.760009765625,0.6733444892406464,4,448
16589.010322093964,11466.697516918182,5122.312805175781,0.6589010322093963,4,451
16571.506522655487,9766.473395824432,6805.033126831055,0.6571506522655487,5,453
16507.04762983322,8082.525397777557,8424.522232055664,0.6507047629833221,5,455
16550.82741498947,8082.525397777557,8468.302017211914,0.6550827414989472,5,455
16529.666236400604,9763.208106517792,6766.4581298828125,0.6529666236400604,3,458
16711.297278881073,9763.208106517792,6948.089172363281,0.6711297278881073,3,458
16873.595923900604,8924.42526960373,7949.170654296875,0.6873595923900604,4,459
16835.005042552948,8924.42526960373,7910.579772949219,0.6835005042552948,4,459
16780.874915599823,8341.43845319748,8439.436462402344,0.6780874915599823,4,460
16742.880408763885,8341.43845319748,8401.441955566406,0.6742880408763885,4,460
16635.525794506073,8341.43845319748,8294.087341308594,0.6635525794506073,4,460
16324.731971263885,7181.265250682831,9143.466720581055,0.6324731971263885,5,462
16254.426520824432,6602.5030169487,9651.923503875732,0.6254426520824432,5,465
16378.814296245575,6900.588054180145,9478.22624206543,0.6378814296245575,4,467
16539.698558330536,6317.195353984833,10222.503204345703,0.6539698558330536,5,468
16494.029796123505,5730.68351316452,10763.346282958984,0.6494029796123505,5,469
16438.81064939499,5730.68351316452,10708.127136230469,0.6438810649394989,5,469
16499.763698101044,4954.993815898895,11544.769882202148,0.6499763698101043,6,471
16789.32558774948,7340.084910869598,9449.240676879883,0.6789325587749481,6,473
16744.176875591278,7340.084910869598,9404.09196472168,0.6744176875591278,6,473
16837.865901470184,7340.084910869598,9497.780990600586,0.6837865901470185,6,473
16958.75515317917,6749.113109111786,10209.642044067383,0.6958755153179169,6,474
17161.05021238327,9167.425609111786,7993.624603271484,0.716105021238327,5,476
17329.96168088913,10911.415202617645,6418.546478271484,0.732996168088913,3,478
17303.4162402153,10911.415202617645,6392.001037597656,0.7303416240215301,3,478
17290.882335186005,10911.415202617645,6379.467132568359,0.7290882335186004,3,478
17121.197307109833,10037.414653301239,7083.782653808594,0.7121197307109832,4,479
17120.326488018036,10960.255992412567,6160.070495605469,0.7120326488018036,3,480
17134.4689745903,10960.255992412567,6174.212982177734,0.7134468974590301,3,480
17037.55771970749,10960.255992412567,6077.301727294922,0.7037557719707489,3,480
17053.729289531708,10960.255992412567,6093.473297119141,0.7053729289531708,3,480
16976.51801633835,10960.255992412567,6016.262023925781,0.6976518016338349,3,480
16963.77253293991,11276.937205791473,5686.8353271484375,0.6963772532939911,2,481
16868.97114133835,14957.655711650848,1911.3154296875,0.6868971141338348,2,483
16875.207896709442,14957.655711650848,1917.5521850585938,0.6875207896709442,2,483
16877.140941143036,10472.096202373505,6405.044738769531,0.6877140941143036,6,487
16958.353221416473,11333.296214580536,5625.0570068359375,0.6958353221416473,5,488
17016.389461040497,11309.027705669403,5707.361755371094,0.7016389461040496,4,490
17003.075496196747,10351.193843364716,6651.881652832031,0.7003075496196747,5,491
16901.995280742645,10351.193843364716,6550.80143737793,0.6901995280742645,5,491
16860.964656352997,11607.733226299286,5253.231430053711,0.6860964656352997,4,492
